,models,filepaths,labelpaths,acc,nll,brier,qunc,hyperparameters,train_set,test_set,model_family
0,FixPNASNet,/datahd3a/imagenet_testbest_outputs/logits/imagenetv2-matched-frequency-format-val/imagenetv2-matched-frequency-format-val_|_FixPNASNet.pickle,/data/Projects/linear_ensembles/interp_ensembles/data/imagenet_targets/imagenetv2mf.npy,0.7336,1.2790053409370128,0.40308963464946745,0.1926206350326538,,imagenet,imagenetv2mf,Neural Network
1,FixResNet50,/datahd3a/imagenet_testbest_outputs/logits/imagenetv2-matched-frequency-format-val/imagenetv2-matched-frequency-format-val_|_FixResNet50.pickle,/data/Projects/linear_ensembles/interp_ensembles/data/imagenet_targets/imagenetv2mf.npy,0.6673,1.43703885435265,0.45477927868681045,0.3861432671546936,,imagenet,imagenetv2mf,Neural Network
2,FixResNet50_no_adaptation,/datahd3a/imagenet_testbest_outputs/logits/imagenetv2-matched-frequency-format-val/imagenetv2-matched-frequency-format-val_|_FixResNet50_no_adaptation.pickle,/data/Projects/linear_ensembles/interp_ensembles/data/imagenet_targets/imagenetv2mf.npy,0.6503,1.5821637702208857,0.47966257242795535,0.35040947794914246,,imagenet,imagenetv2mf,Neural Network
3,FixResNet50_v2,/datahd3a/imagenet_testbest_outputs/logits/imagenetv2-matched-frequency-format-val/imagenetv2-matched-frequency-format-val_|_FixResNet50_v2.pickle,/data/Projects/linear_ensembles/interp_ensembles/data/imagenet_targets/imagenetv2mf.npy,0.669,1.4346429119598678,0.45348346504280196,0.3823173940181732,,imagenet,imagenetv2mf,Neural Network
4,alexnet,/datahd3a/imagenet_testbest_outputs/logits/imagenetv2-matched-frequency-format-val/imagenetv2-matched-frequency-format-val_|_alexnet.pickle,/data/Projects/linear_ensembles/interp_ensembles/data/imagenet_targets/imagenetv2mf.npy,0.4343,2.7264349575823608,0.700655867534585,0.617688393424201,,imagenet,imagenetv2mf,Neural Network
5,bninception,/datahd3a/imagenet_testbest_outputs/logits/imagenetv2-matched-frequency-format-val/imagenetv2-matched-frequency-format-val_|_bninception.pickle,/data/Projects/linear_ensembles/interp_ensembles/data/imagenet_targets/imagenetv2mf.npy,0.6199,1.9369369500053824,0.5351660424385817,0.3245627851424336,,imagenet,imagenetv2mf,Neural Network
6,cafferesnet101,/datahd3a/imagenet_testbest_outputs/logits/imagenetv2-matched-frequency-format-val/imagenetv2-matched-frequency-format-val_|_cafferesnet101.pickle,/data/Projects/linear_ensembles/interp_ensembles/data/imagenet_targets/imagenetv2mf.npy,0.6414,1.6877979984521436,0.49419757844927464,0.3376793790088362,,imagenet,imagenetv2mf,Neural Network
7,densenet121,/datahd3a/imagenet_testbest_outputs/logits/imagenetv2-matched-frequency-format-val/imagenetv2-matched-frequency-format-val_|_densenet121.pickle,/data/Projects/linear_ensembles/interp_ensembles/data/imagenet_targets/imagenetv2mf.npy,0.6215,1.6828726300057868,0.5068498531429483,0.4076507792779711,,imagenet,imagenetv2mf,Neural Network
8,densenet161,/datahd3a/imagenet_testbest_outputs/logits/imagenetv2-matched-frequency-format-val/imagenetv2-matched-frequency-format-val_|_densenet161.pickle,/data/Projects/linear_ensembles/interp_ensembles/data/imagenet_targets/imagenetv2mf.npy,0.6529,1.6102690520100573,0.4812922146002,0.3219423328070589,,imagenet,imagenetv2mf,Neural Network
9,densenet169,/datahd3a/imagenet_testbest_outputs/logits/imagenetv2-matched-frequency-format-val/imagenetv2-matched-frequency-format-val_|_densenet169.pickle,/data/Projects/linear_ensembles/interp_ensembles/data/imagenet_targets/imagenetv2mf.npy,0.6355,1.6975248620855852,0.5010649609346883,0.34587756166493,,imagenet,imagenetv2mf,Neural Network
10,densenet201,/datahd3a/imagenet_testbest_outputs/logits/imagenetv2-matched-frequency-format-val/imagenetv2-matched-frequency-format-val_|_densenet201.pickle,/data/Projects/linear_ensembles/interp_ensembles/data/imagenet_targets/imagenetv2mf.npy,0.6476,1.5914719694819466,0.4827870896651434,0.3627066961481917,,imagenet,imagenetv2mf,Neural Network
11,dpn131,/datahd3a/imagenet_testbest_outputs/logits/imagenetv2-matched-frequency-format-val/imagenetv2-matched-frequency-format-val_|_dpn131.pickle,/data/Projects/linear_ensembles/interp_ensembles/data/imagenet_targets/imagenetv2mf.npy,0.6773,1.5007930425274454,0.45400380598972134,0.2890388632177489,,imagenet,imagenetv2mf,Neural Network
12,dpn68,/datahd3a/imagenet_testbest_outputs/logits/imagenetv2-matched-frequency-format-val/imagenetv2-matched-frequency-format-val_|_dpn68.pickle,/data/Projects/linear_ensembles/interp_ensembles/data/imagenet_targets/imagenetv2mf.npy,0.6311,1.6114951038147398,0.49297968694790223,0.3834598977114662,,imagenet,imagenetv2mf,Neural Network
13,dpn98,/datahd3a/imagenet_testbest_outputs/logits/imagenetv2-matched-frequency-format-val/imagenetv2-matched-frequency-format-val_|_dpn98.pickle,/data/Projects/linear_ensembles/interp_ensembles/data/imagenet_targets/imagenetv2mf.npy,0.6776,1.4969379886214125,0.4527187602125056,0.2957706535113321,,imagenet,imagenetv2mf,Neural Network
14,efficientnet-b0,/datahd3a/imagenet_testbest_outputs/logits/imagenetv2-matched-frequency-format-val/imagenetv2-matched-frequency-format-val_|_efficientnet-b0.pickle,/data/Projects/linear_ensembles/interp_ensembles/data/imagenet_targets/imagenetv2mf.npy,0.6365,1.6515530275436774,0.4878089352407682,0.5320823192596436,,imagenet,imagenetv2mf,Neural Network
15,efficientnet-b0-autoaug,/datahd3a/imagenet_testbest_outputs/logits/imagenetv2-matched-frequency-format-val/imagenetv2-matched-frequency-format-val_|_efficientnet-b0-autoaug.pickle,/data/Projects/linear_ensembles/interp_ensembles/data/imagenet_targets/imagenetv2mf.npy,0.6442,1.5979610027176416,0.4791849553665197,0.5480941534042358,,imagenet,imagenetv2mf,Neural Network
16,efficientnet-b1,/datahd3a/imagenet_testbest_outputs/logits/imagenetv2-matched-frequency-format-val/imagenetv2-matched-frequency-format-val_|_efficientnet-b1.pickle,/data/Projects/linear_ensembles/interp_ensembles/data/imagenet_targets/imagenetv2mf.npy,0.6584,1.5806081246406771,0.4626246470287294,0.5101639032363892,,imagenet,imagenetv2mf,Neural Network
17,efficientnet-b1-autoaug,/datahd3a/imagenet_testbest_outputs/logits/imagenetv2-matched-frequency-format-val/imagenetv2-matched-frequency-format-val_|_efficientnet-b1-autoaug.pickle,/data/Projects/linear_ensembles/interp_ensembles/data/imagenet_targets/imagenetv2mf.npy,0.6699,1.4917730533805442,0.44921989592474554,0.5062084197998047,,imagenet,imagenetv2mf,Neural Network
18,efficientnet-b2,/datahd3a/imagenet_testbest_outputs/logits/imagenetv2-matched-frequency-format-val/imagenetv2-matched-frequency-format-val_|_efficientnet-b2.pickle,/data/Projects/linear_ensembles/interp_ensembles/data/imagenet_targets/imagenetv2mf.npy,0.6688,1.5581224966370502,0.4629020589057728,0.5519221425056458,,imagenet,imagenetv2mf,Neural Network
19,efficientnet-b2-autoaug,/datahd3a/imagenet_testbest_outputs/logits/imagenetv2-matched-frequency-format-val/imagenetv2-matched-frequency-format-val_|_efficientnet-b2-autoaug.pickle,/data/Projects/linear_ensembles/interp_ensembles/data/imagenet_targets/imagenetv2mf.npy,0.6853,1.4169349079699023,0.43008408795998004,0.4941018521785736,,imagenet,imagenetv2mf,Neural Network
20,efficientnet-b3,/datahd3a/imagenet_testbest_outputs/logits/imagenetv2-matched-frequency-format-val/imagenetv2-matched-frequency-format-val_|_efficientnet-b3.pickle,/data/Projects/linear_ensembles/interp_ensembles/data/imagenet_targets/imagenetv2mf.npy,0.6842,1.4423472680856473,0.4378931507188616,0.47177037596702576,,imagenet,imagenetv2mf,Neural Network
21,efficientnet-b3-autoaug,/datahd3a/imagenet_testbest_outputs/logits/imagenetv2-matched-frequency-format-val/imagenetv2-matched-frequency-format-val_|_efficientnet-b3-autoaug.pickle,/data/Projects/linear_ensembles/interp_ensembles/data/imagenet_targets/imagenetv2mf.npy,0.7012,1.4156473500060849,0.42364330435008835,0.519220232963562,,imagenet,imagenetv2mf,Neural Network
22,efficientnet-b4,/datahd3a/imagenet_testbest_outputs/logits/imagenetv2-matched-frequency-format-val/imagenetv2-matched-frequency-format-val_|_efficientnet-b4.pickle,/data/Projects/linear_ensembles/interp_ensembles/data/imagenet_targets/imagenetv2mf.npy,0.7081,1.4429255103240168,0.43673008295132243,0.5993725657463074,,imagenet,imagenetv2mf,Neural Network
23,efficientnet-b4-autoaug,/datahd3a/imagenet_testbest_outputs/logits/imagenetv2-matched-frequency-format-val/imagenetv2-matched-frequency-format-val_|_efficientnet-b4-autoaug.pickle,/data/Projects/linear_ensembles/interp_ensembles/data/imagenet_targets/imagenetv2mf.npy,0.7203,1.345501685266057,0.4094476180274417,0.5504522323608398,,imagenet,imagenetv2mf,Neural Network
24,efficientnet-b5,/datahd3a/imagenet_testbest_outputs/logits/imagenetv2-matched-frequency-format-val/imagenetv2-matched-frequency-format-val_|_efficientnet-b5.pickle,/data/Projects/linear_ensembles/interp_ensembles/data/imagenet_targets/imagenetv2mf.npy,0.7277,1.2676216893069445,0.3897075039712126,0.49129432439804077,,imagenet,imagenetv2mf,Neural Network
25,efficientnet-b5-autoaug,/datahd3a/imagenet_testbest_outputs/logits/imagenetv2-matched-frequency-format-val/imagenetv2-matched-frequency-format-val_|_efficientnet-b5-autoaug.pickle,/data/Projects/linear_ensembles/interp_ensembles/data/imagenet_targets/imagenetv2mf.npy,0.7352,1.2108210454072803,0.37725213281657505,0.4698468744754791,,imagenet,imagenetv2mf,Neural Network
25,efficientnet-b5-autoaug,/datahd3a/imagenet_testbest_outputs/logits/imagenetv2-matched-frequency-format-val/imagenetv2-matched-frequency-format-val_|_efficientnet-b5-autoaug.pickle,/data/Projects/linear_ensembles/interp_ensembles/data/imagenet_targets/imagenetv2mf.npy,0.7352,1.2108210454072803,0.37725213281657505,0.4698468744754791,,imagenet,imagenetv2mf,Neural Network
26,efficientnet-b5-randaug,/datahd3a/imagenet_testbest_outputs/logits/imagenetv2-matched-frequency-format-val/imagenetv2-matched-frequency-format-val_|_efficientnet-b5-randaug.pickle,/data/Projects/linear_ensembles/interp_ensembles/data/imagenet_targets/imagenetv2mf.npy,0.7322,1.2348151637139964,0.3810885023919563,0.46554073691368103,,imagenet,imagenetv2mf,Neural Network
27,efficientnet-b6-autoaug,/datahd3a/imagenet_testbest_outputs/logits/imagenetv2-matched-frequency-format-val/imagenetv2-matched-frequency-format-val_|_efficientnet-b6-autoaug.pickle,/data/Projects/linear_ensembles/interp_ensembles/data/imagenet_targets/imagenetv2mf.npy,0.7407,1.205770560441818,0.376424033620551,0.5170980095863342,,imagenet,imagenetv2mf,Neural Network
28,efficientnet-b7-autoaug,/datahd3a/imagenet_testbest_outputs/logits/imagenetv2-matched-frequency-format-val/imagenetv2-matched-frequency-format-val_|_efficientnet-b7-autoaug.pickle,/data/Projects/linear_ensembles/interp_ensembles/data/imagenet_targets/imagenetv2mf.npy,0.7453,1.2153751624980942,0.3738587718735419,0.50273197889328,,imagenet,imagenetv2mf,Neural Network
29,efficientnet-b7-randaug,/datahd3a/imagenet_testbest_outputs/logits/imagenetv2-matched-frequency-format-val/imagenetv2-matched-frequency-format-val_|_efficientnet-b7-randaug.pickle,/data/Projects/linear_ensembles/interp_ensembles/data/imagenet_targets/imagenetv2mf.npy,0.7484,1.1440693818382452,0.36014866420663555,0.4482526481151581,,imagenet,imagenetv2mf,Neural Network
30,fbresnet152,/datahd3a/imagenet_testbest_outputs/logits/imagenetv2-matched-frequency-format-val/imagenetv2-matched-frequency-format-val_|_fbresnet152.pickle,/data/Projects/linear_ensembles/interp_ensembles/data/imagenet_targets/imagenetv2mf.npy,0.6548,1.549835031208907,0.4753594504994363,0.3371054672734266,,imagenet,imagenetv2mf,Neural Network
31,googlenet_inceptionv1,/datahd3a/imagenet_testbest_outputs/logits/imagenetv2-matched-frequency-format-val/imagenetv2-matched-frequency-format-val_|_googlenet_inceptionv1.pickle,/data/Projects/linear_ensembles/interp_ensembles/data/imagenet_targets/imagenetv2mf.npy,0.5788,1.9144454678177527,0.5534980518398962,0.5746758573299361,,imagenet,imagenetv2mf,Neural Network
32,inceptionresnetv2,/datahd3a/imagenet_testbest_outputs/logits/imagenetv2-matched-frequency-format-val/imagenetv2-matched-frequency-format-val_|_inceptionresnetv2.pickle,/data/Projects/linear_ensembles/interp_ensembles/data/imagenet_targets/imagenetv2mf.npy,0.6929,1.4146445472043727,0.43129593994286963,0.3589573634822887,,imagenet,imagenetv2mf,Neural Network
33,inceptionv3,/datahd3a/imagenet_testbest_outputs/logits/imagenetv2-matched-frequency-format-val/imagenetv2-matched-frequency-format-val_|_inceptionv3.pickle,/data/Projects/linear_ensembles/interp_ensembles/data/imagenet_targets/imagenetv2mf.npy,0.6567,1.6007597670098055,0.46831313135163066,0.42441928668468154,,imagenet,imagenetv2mf,Neural Network
34,inceptionv4,/datahd3a/imagenet_testbest_outputs/logits/imagenetv2-matched-frequency-format-val/imagenetv2-matched-frequency-format-val_|_inceptionv4.pickle,/data/Projects/linear_ensembles/interp_ensembles/data/imagenet_targets/imagenetv2mf.npy,0.6924,1.4176317212019098,0.4286071136747222,0.36104658500813447,,imagenet,imagenetv2mf,Neural Network
35,mnasnet0_5,/datahd3a/imagenet_testbest_outputs/logits/imagenetv2-matched-frequency-format-val/imagenetv2-matched-frequency-format-val_|_mnasnet0_5.pickle,/data/Projects/linear_ensembles/interp_ensembles/data/imagenet_targets/imagenetv2mf.npy,0.542,2.169185303367124,0.5971941459772991,0.4680094940941405,,imagenet,imagenetv2mf,Neural Network
36,mnasnet1_0,/datahd3a/imagenet_testbest_outputs/logits/imagenetv2-matched-frequency-format-val/imagenetv2-matched-frequency-format-val_|_mnasnet1_0.pickle,/data/Projects/linear_ensembles/interp_ensembles/data/imagenet_targets/imagenetv2mf.npy,0.6044,1.8182299857604982,0.5312776229051825,0.399006428970366,,imagenet,imagenetv2mf,Neural Network
37,mobilenet_v2,/datahd3a/imagenet_testbest_outputs/logits/imagenetv2-matched-frequency-format-val/imagenetv2-matched-frequency-format-val_|_mobilenet_v2.pickle,/data/Projects/linear_ensembles/interp_ensembles/data/imagenet_targets/imagenetv2mf.npy,0.5902,1.8447818502918267,0.5429461315520142,0.4399165851417078,,imagenet,imagenetv2mf,Neural Network
38,nasnetalarge,/datahd3a/imagenet_testbest_outputs/logits/imagenetv2-matched-frequency-format-val/imagenetv2-matched-frequency-format-val_|_nasnetalarge.pickle,/data/Projects/linear_ensembles/interp_ensembles/data/imagenet_targets/imagenetv2mf.npy,0.7229,1.3437818985912615,0.40545416361974107,0.35826328290126763,,imagenet,imagenetv2mf,Neural Network
39,nasnetamobile,/datahd3a/imagenet_testbest_outputs/logits/imagenetv2-matched-frequency-format-val/imagenetv2-matched-frequency-format-val_|_nasnetamobile.pickle,/data/Projects/linear_ensembles/interp_ensembles/data/imagenet_targets/imagenetv2mf.npy,0.6132,1.7654532312157531,0.514059003545511,0.47167442684638355,,imagenet,imagenetv2mf,Neural Network
40,pnasnet5large,/datahd3a/imagenet_testbest_outputs/logits/imagenetv2-matched-frequency-format-val/imagenetv2-matched-frequency-format-val_|_pnasnet5large.pickle,/data/Projects/linear_ensembles/interp_ensembles/data/imagenet_targets/imagenetv2mf.npy,0.7231,1.36156633420228,0.4011202916245125,0.4159450892781235,,imagenet,imagenetv2mf,Neural Network
41,polynet,/datahd3a/imagenet_testbest_outputs/logits/imagenetv2-matched-frequency-format-val/imagenetv2-matched-frequency-format-val_|_polynet.pickle,/data/Projects/linear_ensembles/interp_ensembles/data/imagenet_targets/imagenetv2mf.npy,0.7007,1.5015204498659944,0.44098211527023595,0.2151301324989115,,imagenet,imagenetv2mf,Neural Network
42,resnet101,/datahd3a/imagenet_testbest_outputs/logits/imagenetv2-matched-frequency-format-val/imagenetv2-matched-frequency-format-val_|_resnet101.pickle,/data/Projects/linear_ensembles/interp_ensembles/data/imagenet_targets/imagenetv2mf.npy,0.6545,1.5826360465210234,0.4793707399630656,0.3253706914959779,,imagenet,imagenetv2mf,Neural Network
43,resnet152,/datahd3a/imagenet_testbest_outputs/logits/imagenetv2-matched-frequency-format-val/imagenetv2-matched-frequency-format-val_|_resnet152.pickle,/data/Projects/linear_ensembles/interp_ensembles/data/imagenet_targets/imagenetv2mf.npy,0.6684,1.4892791162761898,0.46048821982214505,0.3148379836860814,,imagenet,imagenetv2mf,Neural Network
44,resnet18,/datahd3a/imagenet_testbest_outputs/logits/imagenetv2-matched-frequency-format-val/imagenetv2-matched-frequency-format-val_|_resnet18.pickle,/data/Projects/linear_ensembles/interp_ensembles/data/imagenet_targets/imagenetv2mf.npy,0.5731,1.9283662449795895,0.561817869404254,0.46787016113571006,,imagenet,imagenetv2mf,Neural Network
45,resnet34,/datahd3a/imagenet_testbest_outputs/logits/imagenetv2-matched-frequency-format-val/imagenetv2-matched-frequency-format-val_|_resnet34.pickle,/data/Projects/linear_ensembles/interp_ensembles/data/imagenet_targets/imagenetv2mf.npy,0.6087,1.7401619512950584,0.5233866743581388,0.40869630081704933,,imagenet,imagenetv2mf,Neural Network
46,resnet50,/datahd3a/imagenet_testbest_outputs/logits/imagenetv2-matched-frequency-format-val/imagenetv2-matched-frequency-format-val_|_resnet50.pickle,/data/Projects/linear_ensembles/interp_ensembles/data/imagenet_targets/imagenetv2mf.npy,0.6321,1.6201842991789384,0.49505946825146746,0.37116461062919953,,imagenet,imagenetv2mf,Neural Network
47,resnet50-vtab,/datahd3a/imagenet_testbest_outputs/logits/imagenetv2-matched-frequency-format-val/imagenetv2-matched-frequency-format-val_|_resnet50-vtab.pickle,/data/Projects/linear_ensembles/interp_ensembles/data/imagenet_targets/imagenetv2mf.npy,0.6351,1.673374335525648,0.4954391732617759,0.36673638224601746,,imagenet,imagenetv2mf,Neural Network
48,resnet50-vtab-exemplar,/datahd3a/imagenet_testbest_outputs/logits/imagenetv2-matched-frequency-format-val/imagenetv2-matched-frequency-format-val_|_resnet50-vtab-exemplar.pickle,/data/Projects/linear_ensembles/interp_ensembles/data/imagenet_targets/imagenetv2mf.npy,0.6194,1.6667547607417823,0.5030433752961102,0.43362846970558167,,imagenet,imagenetv2mf,Neural Network
49,resnet50-vtab-rotation,/datahd3a/imagenet_testbest_outputs/logits/imagenetv2-matched-frequency-format-val/imagenetv2-matched-frequency-format-val_|_resnet50-vtab-rotation.pickle,/data/Projects/linear_ensembles/interp_ensembles/data/imagenet_targets/imagenetv2mf.npy,0.6392,1.632312560698565,0.4881758758830159,0.35852450132369995,,imagenet,imagenetv2mf,Neural Network
50,resnet50-vtab-semi-exemplar,/datahd3a/imagenet_testbest_outputs/logits/imagenetv2-matched-frequency-format-val/imagenetv2-matched-frequency-format-val_|_resnet50-vtab-semi-exemplar.pickle,/data/Projects/linear_ensembles/interp_ensembles/data/imagenet_targets/imagenetv2mf.npy,0.4953,2.4280294759841605,0.6485931504202687,0.5433028340339661,,imagenet,imagenetv2mf,Neural Network
51,resnet50-vtab-semi-rotation,/datahd3a/imagenet_testbest_outputs/logits/imagenetv2-matched-frequency-format-val/imagenetv2-matched-frequency-format-val_|_resnet50-vtab-semi-rotation.pickle,/data/Projects/linear_ensembles/interp_ensembles/data/imagenet_targets/imagenetv2mf.npy,0.4881,2.496634119417241,0.664920056994581,0.5084215998649597,,imagenet,imagenetv2mf,Neural Network
52,resnet50_aws_baseline,/datahd3a/imagenet_testbest_outputs/logits/imagenetv2-matched-frequency-format-val/imagenetv2-matched-frequency-format-val_|_resnet50_aws_baseline.pickle,/data/Projects/linear_ensembles/interp_ensembles/data/imagenet_targets/imagenetv2mf.npy,0.6363,1.6601927661446887,0.5009362009713932,0.35346202057903636,,imagenet,imagenetv2mf,Neural Network
53,resnext101_32x4d,/datahd3a/imagenet_testbest_outputs/logits/imagenetv2-matched-frequency-format-val/imagenetv2-matched-frequency-format-val_|_resnext101_32x4d.pickle,/data/Projects/linear_ensembles/interp_ensembles/data/imagenet_targets/imagenetv2mf.npy,0.6629,1.5920721527109567,0.4730764509476785,0.293185994562381,,imagenet,imagenetv2mf,Neural Network
54,resnext101_32x8d,/datahd3a/imagenet_testbest_outputs/logits/imagenetv2-matched-frequency-format-val/imagenetv2-matched-frequency-format-val_|_resnext101_32x8d.pickle,/data/Projects/linear_ensembles/interp_ensembles/data/imagenet_targets/imagenetv2mf.npy,0.6745,1.6308656075027226,0.4694762619903282,0.2533898472131421,,imagenet,imagenetv2mf,Neural Network
55,resnext101_64x4d,/datahd3a/imagenet_testbest_outputs/logits/imagenetv2-matched-frequency-format-val/imagenetv2-matched-frequency-format-val_|_resnext101_64x4d.pickle,/data/Projects/linear_ensembles/interp_ensembles/data/imagenet_targets/imagenetv2mf.npy,0.6715,1.5686071831894821,0.4649285367446685,0.2841625722799987,,imagenet,imagenetv2mf,Neural Network
56,resnext50_32x4d,/datahd3a/imagenet_testbest_outputs/logits/imagenetv2-matched-frequency-format-val/imagenetv2-matched-frequency-format-val_|_resnext50_32x4d.pickle,/data/Projects/linear_ensembles/interp_ensembles/data/imagenet_targets/imagenetv2mf.npy,0.6583,1.6234908844568725,0.4810028148768929,0.30488495194452936,,imagenet,imagenetv2mf,Neural Network
57,se_resnet101,/datahd3a/imagenet_testbest_outputs/logits/imagenetv2-matched-frequency-format-val/imagenetv2-matched-frequency-format-val_|_se_resnet101.pickle,/data/Projects/linear_ensembles/interp_ensembles/data/imagenet_targets/imagenetv2mf.npy,0.671,1.503671557491082,0.45355244316593024,0.4818426692606756,,imagenet,imagenetv2mf,Neural Network
58,se_resnet152,/datahd3a/imagenet_testbest_outputs/logits/imagenetv2-matched-frequency-format-val/imagenetv2-matched-frequency-format-val_|_se_resnet152.pickle,/data/Projects/linear_ensembles/interp_ensembles/data/imagenet_targets/imagenetv2mf.npy,0.6744,1.487495902848251,0.44716473585388306,0.4700237934309773,,imagenet,imagenetv2mf,Neural Network
59,se_resnet50,/datahd3a/imagenet_testbest_outputs/logits/imagenetv2-matched-frequency-format-val/imagenetv2-matched-frequency-format-val_|_se_resnet50.pickle,/data/Projects/linear_ensembles/interp_ensembles/data/imagenet_targets/imagenetv2mf.npy,0.6584,1.5724701629132232,0.46837998438178663,0.5048417528160908,,imagenet,imagenetv2mf,Neural Network
60,se_resnext101_32x4d,/datahd3a/imagenet_testbest_outputs/logits/imagenetv2-matched-frequency-format-val/imagenetv2-matched-frequency-format-val_|_se_resnext101_32x4d.pickle,/data/Projects/linear_ensembles/interp_ensembles/data/imagenet_targets/imagenetv2mf.npy,0.694,1.4267681973125204,0.42534835005314453,0.44024808040011393,,imagenet,imagenetv2mf,Neural Network
61,se_resnext50_32x4d,/datahd3a/imagenet_testbest_outputs/logits/imagenetv2-matched-frequency-format-val/imagenetv2-matched-frequency-format-val_|_se_resnext50_32x4d.pickle,/data/Projects/linear_ensembles/interp_ensembles/data/imagenet_targets/imagenetv2mf.npy,0.6777,1.506024065971325,0.44943853370248715,0.33883417246035596,,imagenet,imagenetv2mf,Neural Network
62,senet154,/datahd3a/imagenet_testbest_outputs/logits/imagenetv2-matched-frequency-format-val/imagenetv2-matched-frequency-format-val_|_senet154.pickle,/data/Projects/linear_ensembles/interp_ensembles/data/imagenet_targets/imagenetv2mf.npy,0.702,1.38470214402421,0.41479467787288005,0.4279377372161215,,imagenet,imagenetv2mf,Neural Network
63,shufflenet_v2_x0_5,/datahd3a/imagenet_testbest_outputs/logits/imagenetv2-matched-frequency-format-val/imagenetv2-matched-frequency-format-val_|_shufflenet_v2_x0_5.pickle,/data/Projects/linear_ensembles/interp_ensembles/data/imagenet_targets/imagenetv2mf.npy,0.4724,2.6283772063163475,0.6721729175780364,0.5384141282878058,,imagenet,imagenetv2mf,Neural Network
64,shufflenet_v2_x1_0,/datahd3a/imagenet_testbest_outputs/logits/imagenetv2-matched-frequency-format-val/imagenetv2-matched-frequency-format-val_|_shufflenet_v2_x1_0.pickle,/data/Projects/linear_ensembles/interp_ensembles/data/imagenet_targets/imagenetv2mf.npy,0.5595,2.1734255790927888,0.5894543925641945,0.4132441219065768,,imagenet,imagenetv2mf,Neural Network
65,squeezenet1_0,/datahd3a/imagenet_testbest_outputs/logits/imagenetv2-matched-frequency-format-val/imagenetv2-matched-frequency-format-val_|_squeezenet1_0.pickle,/data/Projects/linear_ensembles/interp_ensembles/data/imagenet_targets/imagenetv2mf.npy,0.4491,2.670296871957675,0.6900394115092161,0.6157696836799833,,imagenet,imagenetv2mf,Neural Network
66,squeezenet1_1,/datahd3a/imagenet_testbest_outputs/logits/imagenetv2-matched-frequency-format-val/imagenetv2-matched-frequency-format-val_|_squeezenet1_1.pickle,/data/Projects/linear_ensembles/interp_ensembles/data/imagenet_targets/imagenetv2mf.npy,0.4537,2.6306585793128563,0.6838963846689797,0.613683459224768,,imagenet,imagenetv2mf,Neural Network
67,vgg11,/datahd3a/imagenet_testbest_outputs/logits/imagenetv2-matched-frequency-format-val/imagenetv2-matched-frequency-format-val_|_vgg11.pickle,/data/Projects/linear_ensembles/interp_ensembles/data/imagenet_targets/imagenetv2mf.npy,0.5573,1.9737530767866323,0.5706403197437901,0.5002156265159367,,imagenet,imagenetv2mf,Neural Network
68,vgg11_bn,/datahd3a/imagenet_testbest_outputs/logits/imagenetv2-matched-frequency-format-val/imagenetv2-matched-frequency-format-val_|_vgg11_bn.pickle,/data/Projects/linear_ensembles/interp_ensembles/data/imagenet_targets/imagenetv2mf.npy,0.5741,1.8955471858535327,0.5553177806545043,0.4681564932745966,,imagenet,imagenetv2mf,Neural Network
69,vgg13,/datahd3a/imagenet_testbest_outputs/logits/imagenetv2-matched-frequency-format-val/imagenetv2-matched-frequency-format-val_|_vgg13.pickle,/data/Projects/linear_ensembles/interp_ensembles/data/imagenet_targets/imagenetv2mf.npy,0.5676,1.9169915245625082,0.5593194236981773,0.4859961980672315,,imagenet,imagenetv2mf,Neural Network
70,vgg13_bn,/datahd3a/imagenet_testbest_outputs/logits/imagenetv2-matched-frequency-format-val/imagenetv2-matched-frequency-format-val_|_vgg13_bn.pickle,/data/Projects/linear_ensembles/interp_ensembles/data/imagenet_targets/imagenetv2mf.npy,0.5884,1.819906182209062,0.5396221584954026,0.45102152624106057,,imagenet,imagenetv2mf,Neural Network
71,vgg16,/datahd3a/imagenet_testbest_outputs/logits/imagenetv2-matched-frequency-format-val/imagenetv2-matched-frequency-format-val_|_vgg16.pickle,/data/Projects/linear_ensembles/interp_ensembles/data/imagenet_targets/imagenetv2mf.npy,0.5851,1.8323080106869372,0.542228054196308,0.44718436762258135,,imagenet,imagenetv2mf,Neural Network
72,vgg16_bn,/datahd3a/imagenet_testbest_outputs/logits/imagenetv2-matched-frequency-format-val/imagenetv2-matched-frequency-format-val_|_vgg16_bn.pickle,/data/Projects/linear_ensembles/interp_ensembles/data/imagenet_targets/imagenetv2mf.npy,0.6071,1.7350984077392833,0.5219978969315108,0.4078756135075746,,imagenet,imagenetv2mf,Neural Network
73,vgg19,/datahd3a/imagenet_testbest_outputs/logits/imagenetv2-matched-frequency-format-val/imagenetv2-matched-frequency-format-val_|_vgg19.pickle,/data/Projects/linear_ensembles/interp_ensembles/data/imagenet_targets/imagenetv2mf.npy,0.5969,1.7978004156883296,0.5309594953900105,0.43708020368695905,,imagenet,imagenetv2mf,Neural Network
74,vgg19_bn,/datahd3a/imagenet_testbest_outputs/logits/imagenetv2-matched-frequency-format-val/imagenetv2-matched-frequency-format-val_|_vgg19_bn.pickle,/data/Projects/linear_ensembles/interp_ensembles/data/imagenet_targets/imagenetv2mf.npy,0.6195,1.7043895481691753,0.5124718290034623,0.3930648012231192,,imagenet,imagenetv2mf,Neural Network
75,wide_resnet101_2,/datahd3a/imagenet_testbest_outputs/logits/imagenetv2-matched-frequency-format-val/imagenetv2-matched-frequency-format-val_|_wide_resnet101_2.pickle,/data/Projects/linear_ensembles/interp_ensembles/data/imagenet_targets/imagenetv2mf.npy,0.6635,1.5258671161237918,0.465631906470392,0.31079409866643043,,imagenet,imagenetv2mf,Neural Network
76,wide_resnet50_2,/datahd3a/imagenet_testbest_outputs/logits/imagenetv2-matched-frequency-format-val/imagenetv2-matched-frequency-format-val_|_wide_resnet50_2.pickle,/data/Projects/linear_ensembles/interp_ensembles/data/imagenet_targets/imagenetv2mf.npy,0.6615,1.548664047221653,0.47054852233517447,0.3169473325128618,,imagenet,imagenetv2mf,Neural Network
77,xception,/datahd3a/imagenet_testbest_outputs/logits/imagenetv2-matched-frequency-format-val/imagenetv2-matched-frequency-format-val_|_xception.pickle,/data/Projects/linear_ensembles/interp_ensembles/data/imagenet_targets/imagenetv2mf.npy,0.6724,1.5022282137006078,0.45209998938653245,0.46648970873562795,,imagenet,imagenetv2mf,Neural Network
78,deepens_alexnet,/data/Projects/linear_ensembles/interp_ensembles/results/imagenet/logits/alexnet--imagenetv2mf--deepens1.hdf5,/data/Projects/linear_ensembles/interp_ensembles/data/imagenet_targets/imagenetv2mf.npy,0.3691,3.0883776394446425,0.7578395946228834,0.7011627554893494,(seed=1),imagenet,imagenetv2mf,Neural Network
79,deepens_alexnet,/data/Projects/linear_ensembles/interp_ensembles/results/imagenet/logits/alexnet--imagenetv2mf--deepens2.hdf5,/data/Projects/linear_ensembles/interp_ensembles/data/imagenet_targets/imagenetv2mf.npy,0.3793,3.0502205966096394,0.750827333077752,0.6987504959106445,(seed=2),imagenet,imagenetv2mf,Neural Network
80,deepens_alexnet,/data/Projects/linear_ensembles/interp_ensembles/results/imagenet/logits/alexnet--imagenetv2mf--deepens3.hdf5,/data/Projects/linear_ensembles/interp_ensembles/data/imagenet_targets/imagenetv2mf.npy,0.3636,3.151185105441523,0.765911444172065,0.7075877785682678,(seed=3),imagenet,imagenetv2mf,Neural Network
81,deepens_alexnet,/data/Projects/linear_ensembles/interp_ensembles/results/imagenet/logits/alexnet--imagenetv2mf--deepens4.hdf5,/data/Projects/linear_ensembles/interp_ensembles/data/imagenet_targets/imagenetv2mf.npy,0.3647,3.10926987211851,0.7627674851732209,0.7124999165534973,(seed=4),imagenet,imagenetv2mf,Neural Network
82,deepens_alexnet,/data/Projects/linear_ensembles/interp_ensembles/results/imagenet/logits/alexnet--imagenetv2mf--deepens5.hdf5,/data/Projects/linear_ensembles/interp_ensembles/data/imagenet_targets/imagenetv2mf.npy,0.3779,3.057477120708476,0.752270794011574,0.6979284882545471,(seed=5),imagenet,imagenetv2mf,Neural Network
83,deepens_resnet101,/data/Projects/linear_ensembles/interp_ensembles/results/imagenet/logits/resnet101--imagenetv2mf--deepens1.hdf5,/data/Projects/linear_ensembles/interp_ensembles/data/imagenet_targets/imagenetv2mf.npy,0.5983,1.7570918818028571,0.5320830047515874,0.4518188536167145,(seed=1),imagenet,imagenetv2mf,Neural Network
84,deepens_resnet101,/data/Projects/linear_ensembles/interp_ensembles/results/imagenet/logits/resnet101--imagenetv2mf--deepens2.hdf5,/data/Projects/linear_ensembles/interp_ensembles/data/imagenet_targets/imagenetv2mf.npy,0.5991,1.7473870850697182,0.5294128001041452,0.44935372471809387,(seed=2),imagenet,imagenetv2mf,Neural Network
85,deepens_resnet101,/data/Projects/linear_ensembles/interp_ensembles/results/imagenet/logits/resnet101--imagenetv2mf--deepens3.hdf5,/data/Projects/linear_ensembles/interp_ensembles/data/imagenet_targets/imagenetv2mf.npy,0.6005,1.7548548878603152,0.529668918743562,0.4515172243118286,(seed=3),imagenet,imagenetv2mf,Neural Network
86,deepens_resnet101,/data/Projects/linear_ensembles/interp_ensembles/results/imagenet/logits/resnet101--imagenetv2mf--deepens4.hdf5,/data/Projects/linear_ensembles/interp_ensembles/data/imagenet_targets/imagenetv2mf.npy,0.5923,1.790618601548958,0.5360661387807797,0.44907426834106445,(seed=4),imagenet,imagenetv2mf,Neural Network
87,deepens_resnet101,/data/Projects/linear_ensembles/interp_ensembles/results/imagenet/logits/resnet101--imagenetv2mf--deepens5.hdf5,/data/Projects/linear_ensembles/interp_ensembles/data/imagenet_targets/imagenetv2mf.npy,0.6518,1.5386977132076791,0.47562909637096473,0.347684770822525,(seed=5),imagenet,imagenetv2mf,Neural Network
88,deepens_resnet50,/data/Projects/linear_ensembles/interp_ensembles/results/imagenet/logits/resnet50--imagenetv2mf--deepens1.hdf5,/data/Projects/linear_ensembles/interp_ensembles/data/imagenet_targets/imagenetv2mf.npy,0.6376,1.6094035526154338,0.4922345067552223,0.3688651919364929,(seed=1),imagenet,imagenetv2mf,Neural Network
89,deepens_resnet50,/data/Projects/linear_ensembles/interp_ensembles/results/imagenet/logits/resnet50--imagenetv2mf--deepens2.hdf5,/data/Projects/linear_ensembles/interp_ensembles/data/imagenet_targets/imagenetv2mf.npy,0.6392,1.6028474924276843,0.49077022123991565,0.37284398078918457,(seed=2),imagenet,imagenetv2mf,Neural Network
90,deepens_resnet50,/data/Projects/linear_ensembles/interp_ensembles/results/imagenet/logits/resnet50--imagenetv2mf--deepens3.hdf5,/data/Projects/linear_ensembles/interp_ensembles/data/imagenet_targets/imagenetv2mf.npy,0.634,1.6198873808894392,0.49581806615151275,0.3697184920310974,(seed=3),imagenet,imagenetv2mf,Neural Network
91,deepens_resnet50,/data/Projects/linear_ensembles/interp_ensembles/results/imagenet/logits/resnet50--imagenetv2mf--deepens4.hdf5,/data/Projects/linear_ensembles/interp_ensembles/data/imagenet_targets/imagenetv2mf.npy,0.6392,1.610669569475592,0.49106523928758217,0.36948996782302856,(seed=4),imagenet,imagenetv2mf,Neural Network
92,deepens_resnet50,/data/Projects/linear_ensembles/interp_ensembles/results/imagenet/logits/resnet50--imagenetv2mf--deepens5.hdf5,/data/Projects/linear_ensembles/interp_ensembles/data/imagenet_targets/imagenetv2mf.npy,0.6328,1.6179280856538956,0.493663723143831,0.3708968460559845,(seed=5),imagenet,imagenetv2mf,Neural Network
