Unnamed: 0,models,filepaths,labelpaths,acc,nll,brier,qunc,hyperparameters,train_set,test_set,model_family,shift_Unnamed: 0,shift_filepaths,shift_labelpaths,shift_acc,shift_nll,shift_brier,shift_qunc,shift_set,shift_model_family
0,FixPNASNet,/datahd3a/imagenet_testbest_outputs/logits/val/val_|_FixPNASNet.pickle,/data/Projects/linear_ensembles/interp_ensembles/data/imagenet_targets/val.npy,0.83698,0.6856677047749895,0.248335577230064,0.1339058578014373,,imagenet,imagenet,Neural Network,0,/datahd3a/imagenet_testbest_outputs/logits/imagenetv2-matched-frequency-format-val/imagenetv2-matched-frequency-format-val_|_FixPNASNet.pickle,/data/Projects/linear_ensembles/interp_ensembles/data/imagenet_targets/imagenetv2mf.npy,0.7336,1.2790053409370128,0.4030896346494674,0.1926206350326538,imagenetv2mf,Neural Network
1,FixResNet50,/datahd3a/imagenet_testbest_outputs/logits/val/val_|_FixResNet50.pickle,/data/Projects/linear_ensembles/interp_ensembles/data/imagenet_targets/val.npy,0.79,0.8295782977591544,0.301193723498694,0.2858237624168396,,imagenet,imagenet,Neural Network,1,/datahd3a/imagenet_testbest_outputs/logits/imagenetv2-matched-frequency-format-val/imagenetv2-matched-frequency-format-val_|_FixResNet50.pickle,/data/Projects/linear_ensembles/interp_ensembles/data/imagenet_targets/imagenetv2mf.npy,0.6673,1.43703885435265,0.4547792786868104,0.3861432671546936,imagenetv2mf,Neural Network
2,FixResNet50_no_adaptation,/datahd3a/imagenet_testbest_outputs/logits/val/val_|_FixResNet50_no_adaptation.pickle,/data/Projects/linear_ensembles/interp_ensembles/data/imagenet_targets/val.npy,0.7704,0.9149001232894254,0.3231749422350018,0.2584859430789947,,imagenet,imagenet,Neural Network,2,/datahd3a/imagenet_testbest_outputs/logits/imagenetv2-matched-frequency-format-val/imagenetv2-matched-frequency-format-val_|_FixResNet50_no_adaptation.pickle,/data/Projects/linear_ensembles/interp_ensembles/data/imagenet_targets/imagenetv2mf.npy,0.6503,1.5821637702208855,0.4796625724279553,0.3504094779491424,imagenetv2mf,Neural Network
3,FixResNet50_v2,/datahd3a/imagenet_testbest_outputs/logits/val/val_|_FixResNet50_v2.pickle,/data/Projects/linear_ensembles/interp_ensembles/data/imagenet_targets/val.npy,0.79098,0.8269692613840279,0.3001970342209814,0.2822835147380829,,imagenet,imagenet,Neural Network,3,/datahd3a/imagenet_testbest_outputs/logits/imagenetv2-matched-frequency-format-val/imagenetv2-matched-frequency-format-val_|_FixResNet50_v2.pickle,/data/Projects/linear_ensembles/interp_ensembles/data/imagenet_targets/imagenetv2mf.npy,0.669,1.4346429119598678,0.4534834650428019,0.3823173940181732,imagenetv2mf,Neural Network
4,alexnet,/datahd3a/imagenet_testbest_outputs/logits/val/val_|_alexnet.pickle,/data/Projects/linear_ensembles/interp_ensembles/data/imagenet_targets/val.npy,0.56522,1.910299075748398,0.5589174810989186,0.5300764235375724,,imagenet,imagenet,Neural Network,4,/datahd3a/imagenet_testbest_outputs/logits/imagenetv2-matched-frequency-format-val/imagenetv2-matched-frequency-format-val_|_alexnet.pickle,/data/Projects/linear_ensembles/interp_ensembles/data/imagenet_targets/imagenetv2mf.npy,0.4343,2.7264349575823608,0.700655867534585,0.617688393424201,imagenetv2mf,Neural Network
5,bninception,/datahd3a/imagenet_testbest_outputs/logits/val/val_|_bninception.pickle,/data/Projects/linear_ensembles/interp_ensembles/data/imagenet_targets/val.npy,0.73524,1.1794072966927869,0.3773508017740767,0.2437905832468421,,imagenet,imagenet,Neural Network,5,/datahd3a/imagenet_testbest_outputs/logits/imagenetv2-matched-frequency-format-val/imagenetv2-matched-frequency-format-val_|_bninception.pickle,/data/Projects/linear_ensembles/interp_ensembles/data/imagenet_targets/imagenetv2mf.npy,0.6199,1.9369369500053824,0.5351660424385817,0.3245627851424336,imagenetv2mf,Neural Network
6,cafferesnet101,/datahd3a/imagenet_testbest_outputs/logits/val/val_|_cafferesnet101.pickle,/data/Projects/linear_ensembles/interp_ensembles/data/imagenet_targets/val.npy,0.762,0.9934998123405372,0.3365444313383032,0.2477310359254453,,imagenet,imagenet,Neural Network,6,/datahd3a/imagenet_testbest_outputs/logits/imagenetv2-matched-frequency-format-val/imagenetv2-matched-frequency-format-val_|_cafferesnet101.pickle,/data/Projects/linear_ensembles/interp_ensembles/data/imagenet_targets/imagenetv2mf.npy,0.6414,1.6877979984521436,0.4941975784492746,0.3376793790088362,imagenetv2mf,Neural Network
7,densenet121,/datahd3a/imagenet_testbest_outputs/logits/val/val_|_densenet121.pickle,/data/Projects/linear_ensembles/interp_ensembles/data/imagenet_targets/val.npy,0.74434,1.028076896013807,0.3557642717086147,0.3159472872555905,,imagenet,imagenet,Neural Network,7,/datahd3a/imagenet_testbest_outputs/logits/imagenetv2-matched-frequency-format-val/imagenetv2-matched-frequency-format-val_|_densenet121.pickle,/data/Projects/linear_ensembles/interp_ensembles/data/imagenet_targets/imagenetv2mf.npy,0.6215,1.6828726300057868,0.5068498531429483,0.4076507792779711,imagenetv2mf,Neural Network
8,densenet161,/datahd3a/imagenet_testbest_outputs/logits/val/val_|_densenet161.pickle,/data/Projects/linear_ensembles/interp_ensembles/data/imagenet_targets/val.npy,0.77138,0.9436757154751682,0.325483857829222,0.237844380769678,,imagenet,imagenet,Neural Network,8,/datahd3a/imagenet_testbest_outputs/logits/imagenetv2-matched-frequency-format-val/imagenetv2-matched-frequency-format-val_|_densenet161.pickle,/data/Projects/linear_ensembles/interp_ensembles/data/imagenet_targets/imagenetv2mf.npy,0.6529,1.610269052010057,0.4812922146002,0.3219423328070589,imagenetv2mf,Neural Network
9,densenet169,/datahd3a/imagenet_testbest_outputs/logits/val/val_|_densenet169.pickle,/data/Projects/linear_ensembles/interp_ensembles/data/imagenet_targets/val.npy,0.756,0.997791967770568,0.3425586346894237,0.2594932512095306,,imagenet,imagenet,Neural Network,9,/datahd3a/imagenet_testbest_outputs/logits/imagenetv2-matched-frequency-format-val/imagenetv2-matched-frequency-format-val_|_densenet169.pickle,/data/Projects/linear_ensembles/interp_ensembles/data/imagenet_targets/imagenetv2mf.npy,0.6355,1.6975248620855852,0.5010649609346883,0.34587756166493,imagenetv2mf,Neural Network
10,densenet201,/datahd3a/imagenet_testbest_outputs/logits/val/val_|_densenet201.pickle,/data/Projects/linear_ensembles/interp_ensembles/data/imagenet_targets/val.npy,0.76896,0.9269754574885064,0.3259507102755934,0.2740586779288327,,imagenet,imagenet,Neural Network,10,/datahd3a/imagenet_testbest_outputs/logits/imagenetv2-matched-frequency-format-val/imagenetv2-matched-frequency-format-val_|_densenet201.pickle,/data/Projects/linear_ensembles/interp_ensembles/data/imagenet_targets/imagenetv2mf.npy,0.6476,1.5914719694819466,0.4827870896651434,0.3627066961481917,imagenetv2mf,Neural Network
11,dpn131,/datahd3a/imagenet_testbest_outputs/logits/val/val_|_dpn131.pickle,/data/Projects/linear_ensembles/interp_ensembles/data/imagenet_targets/val.npy,0.79432,0.8470373156678181,0.2964651004932201,0.2041942809188849,,imagenet,imagenet,Neural Network,11,/datahd3a/imagenet_testbest_outputs/logits/imagenetv2-matched-frequency-format-val/imagenetv2-matched-frequency-format-val_|_dpn131.pickle,/data/Projects/linear_ensembles/interp_ensembles/data/imagenet_targets/imagenetv2mf.npy,0.6773,1.5007930425274454,0.4540038059897213,0.2890388632177489,imagenetv2mf,Neural Network
12,dpn68,/datahd3a/imagenet_testbest_outputs/logits/val/val_|_dpn68.pickle,/data/Projects/linear_ensembles/interp_ensembles/data/imagenet_targets/val.npy,0.75868,0.961741744361428,0.335765360533317,0.289563020441569,,imagenet,imagenet,Neural Network,12,/datahd3a/imagenet_testbest_outputs/logits/imagenetv2-matched-frequency-format-val/imagenetv2-matched-frequency-format-val_|_dpn68.pickle,/data/Projects/linear_ensembles/interp_ensembles/data/imagenet_targets/imagenetv2mf.npy,0.6311,1.6114951038147398,0.4929796869479022,0.3834598977114662,imagenetv2mf,Neural Network
13,dpn98,/datahd3a/imagenet_testbest_outputs/logits/val/val_|_dpn98.pickle,/data/Projects/linear_ensembles/interp_ensembles/data/imagenet_targets/val.npy,0.79224,0.8522939482056571,0.2983208965294806,0.2097749291783451,,imagenet,imagenet,Neural Network,13,/datahd3a/imagenet_testbest_outputs/logits/imagenetv2-matched-frequency-format-val/imagenetv2-matched-frequency-format-val_|_dpn98.pickle,/data/Projects/linear_ensembles/interp_ensembles/data/imagenet_targets/imagenetv2mf.npy,0.6776,1.4969379886214125,0.4527187602125056,0.2957706535113321,imagenetv2mf,Neural Network
14,efficientnet-b0,/datahd3a/imagenet_testbest_outputs/logits/val/val_|_efficientnet-b0.pickle,/data/Projects/linear_ensembles/interp_ensembles/data/imagenet_targets/val.npy,0.76528,1.0240539346422446,0.3385900523072686,0.4425788223743438,,imagenet,imagenet,Neural Network,14,/datahd3a/imagenet_testbest_outputs/logits/imagenetv2-matched-frequency-format-val/imagenetv2-matched-frequency-format-val_|_efficientnet-b0.pickle,/data/Projects/linear_ensembles/interp_ensembles/data/imagenet_targets/imagenetv2mf.npy,0.6365,1.6515530275436774,0.4878089352407682,0.5320823192596436,imagenetv2mf,Neural Network
15,efficientnet-b0-autoaug,/datahd3a/imagenet_testbest_outputs/logits/val/val_|_efficientnet-b0-autoaug.pickle,/data/Projects/linear_ensembles/interp_ensembles/data/imagenet_targets/val.npy,0.7684,1.0017287744623025,0.3364433400044951,0.4558711647987366,,imagenet,imagenet,Neural Network,15,/datahd3a/imagenet_testbest_outputs/logits/imagenetv2-matched-frequency-format-val/imagenetv2-matched-frequency-format-val_|_efficientnet-b0-autoaug.pickle,/data/Projects/linear_ensembles/interp_ensembles/data/imagenet_targets/imagenetv2mf.npy,0.6442,1.5979610027176416,0.4791849553665197,0.5480941534042358,imagenetv2mf,Neural Network
16,efficientnet-b1,/datahd3a/imagenet_testbest_outputs/logits/val/val_|_efficientnet-b1.pickle,/data/Projects/linear_ensembles/interp_ensembles/data/imagenet_targets/val.npy,0.77908,0.9724234964138712,0.3183468266304301,0.4257600903511047,,imagenet,imagenet,Neural Network,16,/datahd3a/imagenet_testbest_outputs/logits/imagenetv2-matched-frequency-format-val/imagenetv2-matched-frequency-format-val_|_efficientnet-b1.pickle,/data/Projects/linear_ensembles/interp_ensembles/data/imagenet_targets/imagenetv2mf.npy,0.6584,1.5806081246406771,0.4626246470287294,0.5101639032363892,imagenetv2mf,Neural Network
17,efficientnet-b1-autoaug,/datahd3a/imagenet_testbest_outputs/logits/val/val_|_efficientnet-b1-autoaug.pickle,/data/Projects/linear_ensembles/interp_ensembles/data/imagenet_targets/val.npy,0.78716,0.9206902517985076,0.307368568012703,0.422008603811264,,imagenet,imagenet,Neural Network,17,/datahd3a/imagenet_testbest_outputs/logits/imagenetv2-matched-frequency-format-val/imagenetv2-matched-frequency-format-val_|_efficientnet-b1-autoaug.pickle,/data/Projects/linear_ensembles/interp_ensembles/data/imagenet_targets/imagenetv2mf.npy,0.6699,1.4917730533805442,0.4492198959247455,0.5062084197998047,imagenetv2mf,Neural Network
18,efficientnet-b2,/datahd3a/imagenet_testbest_outputs/logits/val/val_|_efficientnet-b2.pickle,/data/Projects/linear_ensembles/interp_ensembles/data/imagenet_targets/val.npy,0.7889,0.9757804752138582,0.3175763045149659,0.4841474890708923,,imagenet,imagenet,Neural Network,18,/datahd3a/imagenet_testbest_outputs/logits/imagenetv2-matched-frequency-format-val/imagenetv2-matched-frequency-format-val_|_efficientnet-b2.pickle,/data/Projects/linear_ensembles/interp_ensembles/data/imagenet_targets/imagenetv2mf.npy,0.6688,1.5581224966370502,0.4629020589057728,0.5519221425056458,imagenetv2mf,Neural Network
19,efficientnet-b2-autoaug,/datahd3a/imagenet_testbest_outputs/logits/val/val_|_efficientnet-b2-autoaug.pickle,/data/Projects/linear_ensembles/interp_ensembles/data/imagenet_targets/val.npy,0.79776,0.8787004271323973,0.293631553017364,0.4167097508907318,,imagenet,imagenet,Neural Network,19,/datahd3a/imagenet_testbest_outputs/logits/imagenetv2-matched-frequency-format-val/imagenetv2-matched-frequency-format-val_|_efficientnet-b2-autoaug.pickle,/data/Projects/linear_ensembles/interp_ensembles/data/imagenet_targets/imagenetv2mf.npy,0.6853,1.4169349079699023,0.43008408795998,0.4941018521785736,imagenetv2mf,Neural Network
20,efficientnet-b3,/datahd3a/imagenet_testbest_outputs/logits/val/val_|_efficientnet-b3.pickle,/data/Projects/linear_ensembles/interp_ensembles/data/imagenet_targets/val.npy,0.80212,0.8678158653527498,0.2869370970139378,0.3974906206130981,,imagenet,imagenet,Neural Network,20,/datahd3a/imagenet_testbest_outputs/logits/imagenetv2-matched-frequency-format-val/imagenetv2-matched-frequency-format-val_|_efficientnet-b3.pickle,/data/Projects/linear_ensembles/interp_ensembles/data/imagenet_targets/imagenetv2mf.npy,0.6842,1.4423472680856473,0.4378931507188616,0.4717703759670257,imagenetv2mf,Neural Network
21,efficientnet-b3-autoaug,/datahd3a/imagenet_testbest_outputs/logits/val/val_|_efficientnet-b3-autoaug.pickle,/data/Projects/linear_ensembles/interp_ensembles/data/imagenet_targets/val.npy,0.81054,0.8813854402132845,0.2888669705436309,0.4544916450977325,,imagenet,imagenet,Neural Network,21,/datahd3a/imagenet_testbest_outputs/logits/imagenetv2-matched-frequency-format-val/imagenetv2-matched-frequency-format-val_|_efficientnet-b3-autoaug.pickle,/data/Projects/linear_ensembles/interp_ensembles/data/imagenet_targets/imagenetv2mf.npy,0.7012,1.4156473500060849,0.4236433043500883,0.519220232963562,imagenetv2mf,Neural Network
22,efficientnet-b4,/datahd3a/imagenet_testbest_outputs/logits/val/val_|_efficientnet-b4.pickle,/data/Projects/linear_ensembles/interp_ensembles/data/imagenet_targets/val.npy,0.82228,0.9341057160940364,0.3034192256603363,0.5438277721405029,,imagenet,imagenet,Neural Network,22,/datahd3a/imagenet_testbest_outputs/logits/imagenetv2-matched-frequency-format-val/imagenetv2-matched-frequency-format-val_|_efficientnet-b4.pickle,/data/Projects/linear_ensembles/interp_ensembles/data/imagenet_targets/imagenetv2mf.npy,0.7081,1.4429255103240168,0.4367300829513224,0.5993725657463074,imagenetv2mf,Neural Network
23,efficientnet-b4-autoaug,/datahd3a/imagenet_testbest_outputs/logits/val/val_|_efficientnet-b4-autoaug.pickle,/data/Projects/linear_ensembles/interp_ensembles/data/imagenet_targets/val.npy,0.8255,0.8577182187454123,0.2803502011065161,0.4877792298793793,,imagenet,imagenet,Neural Network,23,/datahd3a/imagenet_testbest_outputs/logits/imagenetv2-matched-frequency-format-val/imagenetv2-matched-frequency-format-val_|_efficientnet-b4-autoaug.pickle,/data/Projects/linear_ensembles/interp_ensembles/data/imagenet_targets/imagenetv2mf.npy,0.7203,1.345501685266057,0.4094476180274417,0.5504522323608398,imagenetv2mf,Neural Network
24,efficientnet-b5,/datahd3a/imagenet_testbest_outputs/logits/val/val_|_efficientnet-b5.pickle,/data/Projects/linear_ensembles/interp_ensembles/data/imagenet_targets/val.npy,0.83114,0.7848405313219688,0.2600608507848638,0.4362055361270904,,imagenet,imagenet,Neural Network,24,/datahd3a/imagenet_testbest_outputs/logits/imagenetv2-matched-frequency-format-val/imagenetv2-matched-frequency-format-val_|_efficientnet-b5.pickle,/data/Projects/linear_ensembles/interp_ensembles/data/imagenet_targets/imagenetv2mf.npy,0.7277,1.2676216893069443,0.3897075039712126,0.4912943243980407,imagenetv2mf,Neural Network
25,efficientnet-b5-autoaug,/datahd3a/imagenet_testbest_outputs/logits/val/val_|_efficientnet-b5-autoaug.pickle,/data/Projects/linear_ensembles/interp_ensembles/data/imagenet_targets/val.npy,0.8363,0.7407706717079692,0.2484998290755839,0.4091714918613434,,imagenet,imagenet,Neural Network,25,/datahd3a/imagenet_testbest_outputs/logits/imagenetv2-matched-frequency-format-val/imagenetv2-matched-frequency-format-val_|_efficientnet-b5-autoaug.pickle,/data/Projects/linear_ensembles/interp_ensembles/data/imagenet_targets/imagenetv2mf.npy,0.7352,1.2108210454072803,0.377252132816575,0.4698468744754791,imagenetv2mf,Neural Network
26,efficientnet-b5-randaug,/datahd3a/imagenet_testbest_outputs/logits/val/val_|_efficientnet-b5-randaug.pickle,/data/Projects/linear_ensembles/interp_ensembles/data/imagenet_targets/val.npy,0.83532,0.7514579931403307,0.2503741957721552,0.4042936265468597,,imagenet,imagenet,Neural Network,26,/datahd3a/imagenet_testbest_outputs/logits/imagenetv2-matched-frequency-format-val/imagenetv2-matched-frequency-format-val_|_efficientnet-b5-randaug.pickle,/data/Projects/linear_ensembles/interp_ensembles/data/imagenet_targets/imagenetv2mf.npy,0.7322,1.2348151637139964,0.3810885023919563,0.465540736913681,imagenetv2mf,Neural Network
27,efficientnet-b6-autoaug,/datahd3a/imagenet_testbest_outputs/logits/val/val_|_efficientnet-b6-autoaug.pickle,/data/Projects/linear_ensembles/interp_ensembles/data/imagenet_targets/val.npy,0.84128,0.76429589681805,0.2532618103346757,0.4629608988761902,,imagenet,imagenet,Neural Network,27,/datahd3a/imagenet_testbest_outputs/logits/imagenetv2-matched-frequency-format-val/imagenetv2-matched-frequency-format-val_|_efficientnet-b6-autoaug.pickle,/data/Projects/linear_ensembles/interp_ensembles/data/imagenet_targets/imagenetv2mf.npy,0.7407,1.205770560441818,0.376424033620551,0.5170980095863342,imagenetv2mf,Neural Network
28,efficientnet-b7-autoaug,/datahd3a/imagenet_testbest_outputs/logits/val/val_|_efficientnet-b7-autoaug.pickle,/data/Projects/linear_ensembles/interp_ensembles/data/imagenet_targets/val.npy,0.84334,0.7650295145458728,0.2490883537821027,0.4497974514961242,,imagenet,imagenet,Neural Network,28,/datahd3a/imagenet_testbest_outputs/logits/imagenetv2-matched-frequency-format-val/imagenetv2-matched-frequency-format-val_|_efficientnet-b7-autoaug.pickle,/data/Projects/linear_ensembles/interp_ensembles/data/imagenet_targets/imagenetv2mf.npy,0.7453,1.2153751624980942,0.3738587718735419,0.50273197889328,imagenetv2mf,Neural Network
29,efficientnet-b7-randaug,/datahd3a/imagenet_testbest_outputs/logits/val/val_|_efficientnet-b7-randaug.pickle,/data/Projects/linear_ensembles/interp_ensembles/data/imagenet_targets/val.npy,0.84726,0.6957619819036126,0.2346249519957294,0.3912134766578674,,imagenet,imagenet,Neural Network,29,/datahd3a/imagenet_testbest_outputs/logits/imagenetv2-matched-frequency-format-val/imagenetv2-matched-frequency-format-val_|_efficientnet-b7-randaug.pickle,/data/Projects/linear_ensembles/interp_ensembles/data/imagenet_targets/imagenetv2mf.npy,0.7484,1.1440693818382452,0.3601486642066355,0.4482526481151581,imagenetv2mf,Neural Network
30,fbresnet152,/datahd3a/imagenet_testbest_outputs/logits/val/val_|_fbresnet152.pickle,/data/Projects/linear_ensembles/interp_ensembles/data/imagenet_targets/val.npy,0.77386,0.9044239539334696,0.3182410416303318,0.2497298691183106,,imagenet,imagenet,Neural Network,30,/datahd3a/imagenet_testbest_outputs/logits/imagenetv2-matched-frequency-format-val/imagenetv2-matched-frequency-format-val_|_fbresnet152.pickle,/data/Projects/linear_ensembles/interp_ensembles/data/imagenet_targets/imagenetv2mf.npy,0.6548,1.549835031208907,0.4753594504994363,0.3371054672734266,imagenetv2mf,Neural Network
31,googlenet_inceptionv1,/datahd3a/imagenet_testbest_outputs/logits/val/val_|_googlenet_inceptionv1.pickle,/data/Projects/linear_ensembles/interp_ensembles/data/imagenet_targets/val.npy,0.69778,1.282827497988228,0.419394223298988,0.4813178592279595,,imagenet,imagenet,Neural Network,31,/datahd3a/imagenet_testbest_outputs/logits/imagenetv2-matched-frequency-format-val/imagenetv2-matched-frequency-format-val_|_googlenet_inceptionv1.pickle,/data/Projects/linear_ensembles/interp_ensembles/data/imagenet_targets/imagenetv2mf.npy,0.5788,1.9144454678177527,0.5534980518398962,0.5746758573299361,imagenetv2mf,Neural Network
32,inceptionresnetv2,/datahd3a/imagenet_testbest_outputs/logits/val/val_|_inceptionresnetv2.pickle,/data/Projects/linear_ensembles/interp_ensembles/data/imagenet_targets/val.npy,0.8027,0.8417578180643206,0.2856185525317864,0.2951693935444891,,imagenet,imagenet,Neural Network,32,/datahd3a/imagenet_testbest_outputs/logits/imagenetv2-matched-frequency-format-val/imagenetv2-matched-frequency-format-val_|_inceptionresnetv2.pickle,/data/Projects/linear_ensembles/interp_ensembles/data/imagenet_targets/imagenetv2mf.npy,0.6929,1.4146445472043727,0.4312959399428696,0.3589573634822887,imagenetv2mf,Neural Network
33,inceptionv3,/datahd3a/imagenet_testbest_outputs/logits/val/val_|_inceptionv3.pickle,/data/Projects/linear_ensembles/interp_ensembles/data/imagenet_targets/val.npy,0.7732,0.9873984416064984,0.3244172624868285,0.3371782146723221,,imagenet,imagenet,Neural Network,33,/datahd3a/imagenet_testbest_outputs/logits/imagenetv2-matched-frequency-format-val/imagenetv2-matched-frequency-format-val_|_inceptionv3.pickle,/data/Projects/linear_ensembles/interp_ensembles/data/imagenet_targets/imagenetv2mf.npy,0.6567,1.6007597670098055,0.4683131313516306,0.4244192866846815,imagenetv2mf,Neural Network
34,inceptionv4,/datahd3a/imagenet_testbest_outputs/logits/val/val_|_inceptionv4.pickle,/data/Projects/linear_ensembles/interp_ensembles/data/imagenet_targets/val.npy,0.80082,0.8478659399570717,0.2871618367525402,0.2854306149113364,,imagenet,imagenet,Neural Network,34,/datahd3a/imagenet_testbest_outputs/logits/imagenetv2-matched-frequency-format-val/imagenetv2-matched-frequency-format-val_|_inceptionv4.pickle,/data/Projects/linear_ensembles/interp_ensembles/data/imagenet_targets/imagenetv2mf.npy,0.6924,1.4176317212019098,0.4286071136747222,0.3610465850081344,imagenetv2mf,Neural Network
35,mnasnet0_5,/datahd3a/imagenet_testbest_outputs/logits/val/val_|_mnasnet0_5.pickle,/data/Projects/linear_ensembles/interp_ensembles/data/imagenet_targets/val.npy,0.67602,1.3732588360536102,0.4363811712880567,0.3680217604559559,,imagenet,imagenet,Neural Network,35,/datahd3a/imagenet_testbest_outputs/logits/imagenetv2-matched-frequency-format-val/imagenetv2-matched-frequency-format-val_|_mnasnet0_5.pickle,/data/Projects/linear_ensembles/interp_ensembles/data/imagenet_targets/imagenetv2mf.npy,0.542,2.169185303367124,0.5971941459772991,0.4680094940941405,imagenetv2mf,Neural Network
36,mnasnet1_0,/datahd3a/imagenet_testbest_outputs/logits/val/val_|_mnasnet1_0.pickle,/data/Projects/linear_ensembles/interp_ensembles/data/imagenet_targets/val.npy,0.73456,1.0777827981335322,0.3660550801012467,0.2993429795813939,,imagenet,imagenet,Neural Network,36,/datahd3a/imagenet_testbest_outputs/logits/imagenetv2-matched-frequency-format-val/imagenetv2-matched-frequency-format-val_|_mnasnet1_0.pickle,/data/Projects/linear_ensembles/interp_ensembles/data/imagenet_targets/imagenetv2mf.npy,0.6044,1.8182299857604984,0.5312776229051825,0.399006428970366,imagenetv2mf,Neural Network
37,mobilenet_v2,/datahd3a/imagenet_testbest_outputs/logits/val/val_|_mobilenet_v2.pickle,/data/Projects/linear_ensembles/interp_ensembles/data/imagenet_targets/val.npy,0.71878,1.1477031209610618,0.386356232852933,0.3421562852797631,,imagenet,imagenet,Neural Network,37,/datahd3a/imagenet_testbest_outputs/logits/imagenetv2-matched-frequency-format-val/imagenetv2-matched-frequency-format-val_|_mobilenet_v2.pickle,/data/Projects/linear_ensembles/interp_ensembles/data/imagenet_targets/imagenetv2mf.npy,0.5902,1.8447818502918267,0.5429461315520142,0.4399165851417078,imagenetv2mf,Neural Network
38,nasnetalarge,/datahd3a/imagenet_testbest_outputs/logits/val/val_|_nasnetalarge.pickle,/data/Projects/linear_ensembles/interp_ensembles/data/imagenet_targets/val.npy,0.82506,0.7968044223477163,0.2626918990198135,0.3110511898418104,,imagenet,imagenet,Neural Network,38,/datahd3a/imagenet_testbest_outputs/logits/imagenetv2-matched-frequency-format-val/imagenetv2-matched-frequency-format-val_|_nasnetalarge.pickle,/data/Projects/linear_ensembles/interp_ensembles/data/imagenet_targets/imagenetv2mf.npy,0.7229,1.3437818985912615,0.405454163619741,0.3582632829012676,imagenetv2mf,Neural Network
39,nasnetamobile,/datahd3a/imagenet_testbest_outputs/logits/val/val_|_nasnetamobile.pickle,/data/Projects/linear_ensembles/interp_ensembles/data/imagenet_targets/val.npy,0.7408,1.1015911968106329,0.3589483480854742,0.3922728796253694,,imagenet,imagenet,Neural Network,39,/datahd3a/imagenet_testbest_outputs/logits/imagenetv2-matched-frequency-format-val/imagenetv2-matched-frequency-format-val_|_nasnetamobile.pickle,/data/Projects/linear_ensembles/interp_ensembles/data/imagenet_targets/imagenetv2mf.npy,0.6132,1.7654532312157531,0.514059003545511,0.4716744268463835,imagenetv2mf,Neural Network
40,pnasnet5large,/datahd3a/imagenet_testbest_outputs/logits/val/val_|_pnasnet5large.pickle,/data/Projects/linear_ensembles/interp_ensembles/data/imagenet_targets/val.npy,0.82736,0.8181448149689851,0.2604620871007233,0.363104765210591,,imagenet,imagenet,Neural Network,40,/datahd3a/imagenet_testbest_outputs/logits/imagenetv2-matched-frequency-format-val/imagenetv2-matched-frequency-format-val_|_pnasnet5large.pickle,/data/Projects/linear_ensembles/interp_ensembles/data/imagenet_targets/imagenetv2mf.npy,0.7231,1.36156633420228,0.4011202916245125,0.4159450892781235,imagenetv2mf,Neural Network
41,polynet,/datahd3a/imagenet_testbest_outputs/logits/val/val_|_polynet.pickle,/data/Projects/linear_ensembles/interp_ensembles/data/imagenet_targets/val.npy,0.80858,0.8505789070259769,0.2865323288810767,0.1516574918463143,,imagenet,imagenet,Neural Network,41,/datahd3a/imagenet_testbest_outputs/logits/imagenetv2-matched-frequency-format-val/imagenetv2-matched-frequency-format-val_|_polynet.pickle,/data/Projects/linear_ensembles/interp_ensembles/data/imagenet_targets/imagenetv2mf.npy,0.7007,1.5015204498659944,0.4409821152702359,0.2151301324989115,imagenetv2mf,Neural Network
42,resnet101,/datahd3a/imagenet_testbest_outputs/logits/val/val_|_resnet101.pickle,/data/Projects/linear_ensembles/interp_ensembles/data/imagenet_targets/val.npy,0.77374,0.9119464814674616,0.3201037007163929,0.2434119948803296,,imagenet,imagenet,Neural Network,42,/datahd3a/imagenet_testbest_outputs/logits/imagenetv2-matched-frequency-format-val/imagenetv2-matched-frequency-format-val_|_resnet101.pickle,/data/Projects/linear_ensembles/interp_ensembles/data/imagenet_targets/imagenetv2mf.npy,0.6545,1.5826360465210234,0.4793707399630656,0.3253706914959779,imagenetv2mf,Neural Network
43,resnet152,/datahd3a/imagenet_testbest_outputs/logits/val/val_|_resnet152.pickle,/data/Projects/linear_ensembles/interp_ensembles/data/imagenet_targets/val.npy,0.78312,0.8765092732655507,0.3093004389977808,0.2301510128986363,,imagenet,imagenet,Neural Network,43,/datahd3a/imagenet_testbest_outputs/logits/imagenetv2-matched-frequency-format-val/imagenetv2-matched-frequency-format-val_|_resnet152.pickle,/data/Projects/linear_ensembles/interp_ensembles/data/imagenet_targets/imagenetv2mf.npy,0.6684,1.4892791162761898,0.460488219822145,0.3148379836860814,imagenetv2mf,Neural Network
44,resnet18,/datahd3a/imagenet_testbest_outputs/logits/val/val_|_resnet18.pickle,/data/Projects/linear_ensembles/interp_ensembles/data/imagenet_targets/val.npy,0.69758,1.2473143555506574,0.4111512571058415,0.3717596371050831,,imagenet,imagenet,Neural Network,44,/datahd3a/imagenet_testbest_outputs/logits/imagenetv2-matched-frequency-format-val/imagenetv2-matched-frequency-format-val_|_resnet18.pickle,/data/Projects/linear_ensembles/interp_ensembles/data/imagenet_targets/imagenetv2mf.npy,0.5731,1.9283662449795893,0.561817869404254,0.46787016113571,imagenetv2mf,Neural Network
45,resnet34,/datahd3a/imagenet_testbest_outputs/logits/val/val_|_resnet34.pickle,/data/Projects/linear_ensembles/interp_ensembles/data/imagenet_targets/val.npy,0.73314,1.0813249874788873,0.3690442947405349,0.3142548520499244,,imagenet,imagenet,Neural Network,45,/datahd3a/imagenet_testbest_outputs/logits/imagenetv2-matched-frequency-format-val/imagenetv2-matched-frequency-format-val_|_resnet34.pickle,/data/Projects/linear_ensembles/interp_ensembles/data/imagenet_targets/imagenetv2mf.npy,0.6087,1.7401619512950584,0.5233866743581388,0.4086963008170493,imagenetv2mf,Neural Network
46,resnet50,/datahd3a/imagenet_testbest_outputs/logits/val/val_|_resnet50.pickle,/data/Projects/linear_ensembles/interp_ensembles/data/imagenet_targets/val.npy,0.7613,0.9618354911554308,0.3353943341187764,0.2765435874462127,,imagenet,imagenet,Neural Network,46,/datahd3a/imagenet_testbest_outputs/logits/imagenetv2-matched-frequency-format-val/imagenetv2-matched-frequency-format-val_|_resnet50.pickle,/data/Projects/linear_ensembles/interp_ensembles/data/imagenet_targets/imagenetv2mf.npy,0.6321,1.6201842991789384,0.4950594682514674,0.3711646106291995,imagenetv2mf,Neural Network
47,resnet50-vtab,/datahd3a/imagenet_testbest_outputs/logits/val/val_|_resnet50-vtab.pickle,/data/Projects/linear_ensembles/interp_ensembles/data/imagenet_targets/val.npy,0.75542,1.004218375126178,0.3422358828118621,0.2748489379882812,,imagenet,imagenet,Neural Network,47,/datahd3a/imagenet_testbest_outputs/logits/imagenetv2-matched-frequency-format-val/imagenetv2-matched-frequency-format-val_|_resnet50-vtab.pickle,/data/Projects/linear_ensembles/interp_ensembles/data/imagenet_targets/imagenetv2mf.npy,0.6351,1.673374335525648,0.4954391732617759,0.3667363822460174,imagenetv2mf,Neural Network
48,resnet50-vtab-exemplar,/datahd3a/imagenet_testbest_outputs/logits/val/val_|_resnet50-vtab-exemplar.pickle,/data/Projects/linear_ensembles/interp_ensembles/data/imagenet_targets/val.npy,0.74104,1.0449484728952292,0.356489876229748,0.3386440873146057,,imagenet,imagenet,Neural Network,48,/datahd3a/imagenet_testbest_outputs/logits/imagenetv2-matched-frequency-format-val/imagenetv2-matched-frequency-format-val_|_resnet50-vtab-exemplar.pickle,/data/Projects/linear_ensembles/interp_ensembles/data/imagenet_targets/imagenetv2mf.npy,0.6194,1.6667547607417823,0.5030433752961102,0.4336284697055816,imagenetv2mf,Neural Network
49,resnet50-vtab-rotation,/datahd3a/imagenet_testbest_outputs/logits/val/val_|_resnet50-vtab-rotation.pickle,/data/Projects/linear_ensembles/interp_ensembles/data/imagenet_targets/val.npy,0.76502,0.9497704756260292,0.3288156104711162,0.2646945714950561,,imagenet,imagenet,Neural Network,49,/datahd3a/imagenet_testbest_outputs/logits/imagenetv2-matched-frequency-format-val/imagenetv2-matched-frequency-format-val_|_resnet50-vtab-rotation.pickle,/data/Projects/linear_ensembles/interp_ensembles/data/imagenet_targets/imagenetv2mf.npy,0.6392,1.632312560698565,0.4881758758830159,0.3585245013236999,imagenetv2mf,Neural Network
50,resnet50-vtab-semi-exemplar,/datahd3a/imagenet_testbest_outputs/logits/val/val_|_resnet50-vtab-semi-exemplar.pickle,/data/Projects/linear_ensembles/interp_ensembles/data/imagenet_targets/val.npy,0.61622,1.6723371090145884,0.5088738789708157,0.4600798785686493,,imagenet,imagenet,Neural Network,50,/datahd3a/imagenet_testbest_outputs/logits/imagenetv2-matched-frequency-format-val/imagenetv2-matched-frequency-format-val_|_resnet50-vtab-semi-exemplar.pickle,/data/Projects/linear_ensembles/interp_ensembles/data/imagenet_targets/imagenetv2mf.npy,0.4953,2.4280294759841605,0.6485931504202687,0.5433028340339661,imagenetv2mf,Neural Network
51,resnet50-vtab-semi-rotation,/datahd3a/imagenet_testbest_outputs/logits/val/val_|_resnet50-vtab-semi-rotation.pickle,/data/Projects/linear_ensembles/interp_ensembles/data/imagenet_targets/val.npy,0.60924,1.7063736074394802,0.5217677961352037,0.4230998158454895,,imagenet,imagenet,Neural Network,51,/datahd3a/imagenet_testbest_outputs/logits/imagenetv2-matched-frequency-format-val/imagenetv2-matched-frequency-format-val_|_resnet50-vtab-semi-rotation.pickle,/data/Projects/linear_ensembles/interp_ensembles/data/imagenet_targets/imagenetv2mf.npy,0.4881,2.496634119417241,0.664920056994581,0.5084215998649597,imagenetv2mf,Neural Network
52,resnet50_aws_baseline,/datahd3a/imagenet_testbest_outputs/logits/val/val_|_resnet50_aws_baseline.pickle,/data/Projects/linear_ensembles/interp_ensembles/data/imagenet_targets/val.npy,0.76138,0.969817620153137,0.3361530629609756,0.2637189981031026,,imagenet,imagenet,Neural Network,52,/datahd3a/imagenet_testbest_outputs/logits/imagenetv2-matched-frequency-format-val/imagenetv2-matched-frequency-format-val_|_resnet50_aws_baseline.pickle,/data/Projects/linear_ensembles/interp_ensembles/data/imagenet_targets/imagenetv2mf.npy,0.6363,1.6601927661446887,0.5009362009713932,0.3534620205790363,imagenetv2mf,Neural Network
53,resnext101_32x4d,/datahd3a/imagenet_testbest_outputs/logits/val/val_|_resnext101_32x4d.pickle,/data/Projects/linear_ensembles/interp_ensembles/data/imagenet_targets/val.npy,0.78188,0.9143698271491044,0.3142397085355818,0.2103162790336204,,imagenet,imagenet,Neural Network,53,/datahd3a/imagenet_testbest_outputs/logits/imagenetv2-matched-frequency-format-val/imagenetv2-matched-frequency-format-val_|_resnext101_32x4d.pickle,/data/Projects/linear_ensembles/interp_ensembles/data/imagenet_targets/imagenetv2mf.npy,0.6629,1.5920721527109567,0.4730764509476785,0.293185994562381,imagenetv2mf,Neural Network
54,resnext101_32x8d,/datahd3a/imagenet_testbest_outputs/logits/val/val_|_resnext101_32x8d.pickle,/data/Projects/linear_ensembles/interp_ensembles/data/imagenet_targets/val.npy,0.79312,0.9266161746676596,0.3073376694101848,0.1753926281177552,,imagenet,imagenet,Neural Network,54,/datahd3a/imagenet_testbest_outputs/logits/imagenetv2-matched-frequency-format-val/imagenetv2-matched-frequency-format-val_|_resnext101_32x8d.pickle,/data/Projects/linear_ensembles/interp_ensembles/data/imagenet_targets/imagenetv2mf.npy,0.6745,1.6308656075027226,0.4694762619903282,0.2533898472131421,imagenetv2mf,Neural Network
55,resnext101_64x4d,/datahd3a/imagenet_testbest_outputs/logits/val/val_|_resnext101_64x4d.pickle,/data/Projects/linear_ensembles/interp_ensembles/data/imagenet_targets/val.npy,0.78956,0.8933086030824671,0.3050776492554563,0.2015019327395419,,imagenet,imagenet,Neural Network,55,/datahd3a/imagenet_testbest_outputs/logits/imagenetv2-matched-frequency-format-val/imagenetv2-matched-frequency-format-val_|_resnext101_64x4d.pickle,/data/Projects/linear_ensembles/interp_ensembles/data/imagenet_targets/imagenetv2mf.npy,0.6715,1.568607183189482,0.4649285367446685,0.2841625722799987,imagenetv2mf,Neural Network
56,resnext50_32x4d,/datahd3a/imagenet_testbest_outputs/logits/val/val_|_resnext50_32x4d.pickle,/data/Projects/linear_ensembles/interp_ensembles/data/imagenet_targets/val.npy,0.77618,0.9400852656097328,0.3214809679241522,0.218850696571055,,imagenet,imagenet,Neural Network,56,/datahd3a/imagenet_testbest_outputs/logits/imagenetv2-matched-frequency-format-val/imagenetv2-matched-frequency-format-val_|_resnext50_32x4d.pickle,/data/Projects/linear_ensembles/interp_ensembles/data/imagenet_targets/imagenetv2mf.npy,0.6583,1.6234908844568725,0.4810028148768929,0.3048849519445293,imagenetv2mf,Neural Network
57,se_resnet101,/datahd3a/imagenet_testbest_outputs/logits/val/val_|_se_resnet101.pickle,/data/Projects/linear_ensembles/interp_ensembles/data/imagenet_targets/val.npy,0.78396,0.9371104249092111,0.3130656130248379,0.4056516303373952,,imagenet,imagenet,Neural Network,57,/datahd3a/imagenet_testbest_outputs/logits/imagenetv2-matched-frequency-format-val/imagenetv2-matched-frequency-format-val_|_se_resnet101.pickle,/data/Projects/linear_ensembles/interp_ensembles/data/imagenet_targets/imagenetv2mf.npy,0.671,1.503671557491082,0.4535524431659302,0.4818426692606756,imagenetv2mf,Neural Network
58,se_resnet152,/datahd3a/imagenet_testbest_outputs/logits/val/val_|_se_resnet152.pickle,/data/Projects/linear_ensembles/interp_ensembles/data/imagenet_targets/val.npy,0.78658,0.9167863784873956,0.3066737606871156,0.3935524680715976,,imagenet,imagenet,Neural Network,58,/datahd3a/imagenet_testbest_outputs/logits/imagenetv2-matched-frequency-format-val/imagenetv2-matched-frequency-format-val_|_se_resnet152.pickle,/data/Projects/linear_ensembles/interp_ensembles/data/imagenet_targets/imagenetv2mf.npy,0.6744,1.487495902848251,0.447164735853883,0.4700237934309773,imagenetv2mf,Neural Network
59,se_resnet50,/datahd3a/imagenet_testbest_outputs/logits/val/val_|_se_resnet50.pickle,/data/Projects/linear_ensembles/interp_ensembles/data/imagenet_targets/val.npy,0.77636,0.9760089565740866,0.3231641104866384,0.4219661234620064,,imagenet,imagenet,Neural Network,59,/datahd3a/imagenet_testbest_outputs/logits/imagenetv2-matched-frequency-format-val/imagenetv2-matched-frequency-format-val_|_se_resnet50.pickle,/data/Projects/linear_ensembles/interp_ensembles/data/imagenet_targets/imagenetv2mf.npy,0.6584,1.5724701629132232,0.4683799843817866,0.5048417528160908,imagenetv2mf,Neural Network
60,se_resnext101_32x4d,/datahd3a/imagenet_testbest_outputs/logits/val/val_|_se_resnext101_32x4d.pickle,/data/Projects/linear_ensembles/interp_ensembles/data/imagenet_targets/val.npy,0.80236,0.8606429683552821,0.286115869865118,0.3698446838916335,,imagenet,imagenet,Neural Network,60,/datahd3a/imagenet_testbest_outputs/logits/imagenetv2-matched-frequency-format-val/imagenetv2-matched-frequency-format-val_|_se_resnext101_32x4d.pickle,/data/Projects/linear_ensembles/interp_ensembles/data/imagenet_targets/imagenetv2mf.npy,0.694,1.4267681973125204,0.4253483500531445,0.4402480804001139,imagenetv2mf,Neural Network
61,se_resnext50_32x4d,/datahd3a/imagenet_testbest_outputs/logits/val/val_|_se_resnext50_32x4d.pickle,/data/Projects/linear_ensembles/interp_ensembles/data/imagenet_targets/val.npy,0.79076,0.895554299055955,0.3018055593816187,0.2558298843144311,,imagenet,imagenet,Neural Network,61,/datahd3a/imagenet_testbest_outputs/logits/imagenetv2-matched-frequency-format-val/imagenetv2-matched-frequency-format-val_|_se_resnext50_32x4d.pickle,/data/Projects/linear_ensembles/interp_ensembles/data/imagenet_targets/imagenetv2mf.npy,0.6777,1.506024065971325,0.4494385337024871,0.3388341724603559,imagenetv2mf,Neural Network
62,senet154,/datahd3a/imagenet_testbest_outputs/logits/val/val_|_senet154.pickle,/data/Projects/linear_ensembles/interp_ensembles/data/imagenet_targets/val.npy,0.81304,0.836412918529435,0.2747905911472785,0.3624049921018961,,imagenet,imagenet,Neural Network,62,/datahd3a/imagenet_testbest_outputs/logits/imagenetv2-matched-frequency-format-val/imagenetv2-matched-frequency-format-val_|_senet154.pickle,/data/Projects/linear_ensembles/interp_ensembles/data/imagenet_targets/imagenetv2mf.npy,0.702,1.38470214402421,0.41479467787288,0.4279377372161215,imagenetv2mf,Neural Network
63,shufflenet_v2_x0_5,/datahd3a/imagenet_testbest_outputs/logits/val/val_|_shufflenet_v2_x0_5.pickle,/data/Projects/linear_ensembles/interp_ensembles/data/imagenet_targets/val.npy,0.60552,1.7829835261324496,0.5210576817945947,0.4470577464445981,,imagenet,imagenet,Neural Network,63,/datahd3a/imagenet_testbest_outputs/logits/imagenetv2-matched-frequency-format-val/imagenetv2-matched-frequency-format-val_|_shufflenet_v2_x0_5.pickle,/data/Projects/linear_ensembles/interp_ensembles/data/imagenet_targets/imagenetv2mf.npy,0.4724,2.6283772063163475,0.6721729175780364,0.5384141282878058,imagenetv2mf,Neural Network
64,shufflenet_v2_x1_0,/datahd3a/imagenet_testbest_outputs/logits/val/val_|_shufflenet_v2_x1_0.pickle,/data/Projects/linear_ensembles/interp_ensembles/data/imagenet_targets/val.npy,0.69362,1.359829697344516,0.42438333003122,0.3142664220547043,,imagenet,imagenet,Neural Network,64,/datahd3a/imagenet_testbest_outputs/logits/imagenetv2-matched-frequency-format-val/imagenetv2-matched-frequency-format-val_|_shufflenet_v2_x1_0.pickle,/data/Projects/linear_ensembles/interp_ensembles/data/imagenet_targets/imagenetv2mf.npy,0.5595,2.1734255790927888,0.5894543925641945,0.4132441219065768,imagenetv2mf,Neural Network
65,squeezenet1_0,/datahd3a/imagenet_testbest_outputs/logits/val/val_|_squeezenet1_0.pickle,/data/Projects/linear_ensembles/interp_ensembles/data/imagenet_targets/val.npy,0.58092,1.8662964173693464,0.5476843829239854,0.5297813689182005,,imagenet,imagenet,Neural Network,65,/datahd3a/imagenet_testbest_outputs/logits/imagenetv2-matched-frequency-format-val/imagenetv2-matched-frequency-format-val_|_squeezenet1_0.pickle,/data/Projects/linear_ensembles/interp_ensembles/data/imagenet_targets/imagenetv2mf.npy,0.4491,2.670296871957675,0.6900394115092161,0.6157696836799833,imagenetv2mf,Neural Network
66,squeezenet1_1,/datahd3a/imagenet_testbest_outputs/logits/val/val_|_squeezenet1_1.pickle,/data/Projects/linear_ensembles/interp_ensembles/data/imagenet_targets/val.npy,0.58178,1.8305930032785105,0.5423840756925298,0.5244374486019381,,imagenet,imagenet,Neural Network,66,/datahd3a/imagenet_testbest_outputs/logits/imagenetv2-matched-frequency-format-val/imagenetv2-matched-frequency-format-val_|_squeezenet1_1.pickle,/data/Projects/linear_ensembles/interp_ensembles/data/imagenet_targets/imagenetv2mf.npy,0.4537,2.6306585793128563,0.6838963846689797,0.613683459224768,imagenetv2mf,Neural Network
67,vgg11,/datahd3a/imagenet_testbest_outputs/logits/val/val_|_vgg11.pickle,/data/Projects/linear_ensembles/interp_ensembles/data/imagenet_targets/val.npy,0.6902,1.2605392193597498,0.4163044875547543,0.3961215361226319,,imagenet,imagenet,Neural Network,67,/datahd3a/imagenet_testbest_outputs/logits/imagenetv2-matched-frequency-format-val/imagenetv2-matched-frequency-format-val_|_vgg11.pickle,/data/Projects/linear_ensembles/interp_ensembles/data/imagenet_targets/imagenetv2mf.npy,0.5573,1.9737530767866325,0.5706403197437901,0.5002156265159367,imagenetv2mf,Neural Network
68,vgg11_bn,/datahd3a/imagenet_testbest_outputs/logits/val/val_|_vgg11_bn.pickle,/data/Projects/linear_ensembles/interp_ensembles/data/imagenet_targets/val.npy,0.7037,1.1966398594628558,0.4007670324862183,0.3667497693634132,,imagenet,imagenet,Neural Network,68,/datahd3a/imagenet_testbest_outputs/logits/imagenetv2-matched-frequency-format-val/imagenetv2-matched-frequency-format-val_|_vgg11_bn.pickle,/data/Projects/linear_ensembles/interp_ensembles/data/imagenet_targets/imagenetv2mf.npy,0.5741,1.8955471858535329,0.5553177806545043,0.4681564932745966,imagenetv2mf,Neural Network
69,vgg13,/datahd3a/imagenet_testbest_outputs/logits/val/val_|_vgg13.pickle,/data/Projects/linear_ensembles/interp_ensembles/data/imagenet_targets/val.npy,0.69928,1.221359499382348,0.4063858335711375,0.3832239513963286,,imagenet,imagenet,Neural Network,69,/datahd3a/imagenet_testbest_outputs/logits/imagenetv2-matched-frequency-format-val/imagenetv2-matched-frequency-format-val_|_vgg13.pickle,/data/Projects/linear_ensembles/interp_ensembles/data/imagenet_targets/imagenetv2mf.npy,0.5676,1.916991524562508,0.5593194236981773,0.4859961980672315,imagenetv2mf,Neural Network
70,vgg13_bn,/datahd3a/imagenet_testbest_outputs/logits/val/val_|_vgg13_bn.pickle,/data/Projects/linear_ensembles/interp_ensembles/data/imagenet_targets/val.npy,0.71586,1.1443421399219555,0.3873000468070988,0.3502323807132136,,imagenet,imagenet,Neural Network,70,/datahd3a/imagenet_testbest_outputs/logits/imagenetv2-matched-frequency-format-val/imagenetv2-matched-frequency-format-val_|_vgg13_bn.pickle,/data/Projects/linear_ensembles/interp_ensembles/data/imagenet_targets/imagenetv2mf.npy,0.5884,1.819906182209062,0.5396221584954026,0.4510215262410605,imagenetv2mf,Neural Network
71,vgg16,/datahd3a/imagenet_testbest_outputs/logits/val/val_|_vgg16.pickle,/data/Projects/linear_ensembles/interp_ensembles/data/imagenet_targets/val.npy,0.71592,1.1454275080320089,0.3856462987182876,0.3457411871742519,,imagenet,imagenet,Neural Network,71,/datahd3a/imagenet_testbest_outputs/logits/imagenetv2-matched-frequency-format-val/imagenetv2-matched-frequency-format-val_|_vgg16.pickle,/data/Projects/linear_ensembles/interp_ensembles/data/imagenet_targets/imagenetv2mf.npy,0.5851,1.8323080106869367,0.542228054196308,0.4471843676225813,imagenetv2mf,Neural Network
72,vgg16_bn,/datahd3a/imagenet_testbest_outputs/logits/val/val_|_vgg16_bn.pickle,/data/Projects/linear_ensembles/interp_ensembles/data/imagenet_targets/val.npy,0.7336,1.066159739420817,0.3654532461921574,0.3134140291491184,,imagenet,imagenet,Neural Network,72,/datahd3a/imagenet_testbest_outputs/logits/imagenetv2-matched-frequency-format-val/imagenetv2-matched-frequency-format-val_|_vgg16_bn.pickle,/data/Projects/linear_ensembles/interp_ensembles/data/imagenet_targets/imagenetv2mf.npy,0.6071,1.7350984077392833,0.5219978969315108,0.4078756135075746,imagenetv2mf,Neural Network
73,vgg19,/datahd3a/imagenet_testbest_outputs/logits/val/val_|_vgg19.pickle,/data/Projects/linear_ensembles/interp_ensembles/data/imagenet_targets/val.npy,0.72376,1.115526242418289,0.3776077328207794,0.3363466291842724,,imagenet,imagenet,Neural Network,73,/datahd3a/imagenet_testbest_outputs/logits/imagenetv2-matched-frequency-format-val/imagenetv2-matched-frequency-format-val_|_vgg19.pickle,/data/Projects/linear_ensembles/interp_ensembles/data/imagenet_targets/imagenetv2mf.npy,0.5969,1.7978004156883296,0.5309594953900105,0.437080203686959,imagenetv2mf,Neural Network
74,vgg19_bn,/datahd3a/imagenet_testbest_outputs/logits/val/val_|_vgg19_bn.pickle,/data/Projects/linear_ensembles/interp_ensembles/data/imagenet_targets/val.npy,0.74218,1.0425918994107597,0.3574818797225779,0.2981725968746643,,imagenet,imagenet,Neural Network,74,/datahd3a/imagenet_testbest_outputs/logits/imagenetv2-matched-frequency-format-val/imagenetv2-matched-frequency-format-val_|_vgg19_bn.pickle,/data/Projects/linear_ensembles/interp_ensembles/data/imagenet_targets/imagenetv2mf.npy,0.6195,1.704389548169175,0.5124718290034623,0.3930648012231192,imagenetv2mf,Neural Network
75,wide_resnet101_2,/datahd3a/imagenet_testbest_outputs/logits/val/val_|_wide_resnet101_2.pickle,/data/Projects/linear_ensembles/interp_ensembles/data/imagenet_targets/val.npy,0.78846,0.8658626912289368,0.3032513651144822,0.2184527702512412,,imagenet,imagenet,Neural Network,75,/datahd3a/imagenet_testbest_outputs/logits/imagenetv2-matched-frequency-format-val/imagenetv2-matched-frequency-format-val_|_wide_resnet101_2.pickle,/data/Projects/linear_ensembles/interp_ensembles/data/imagenet_targets/imagenetv2mf.npy,0.6635,1.5258671161237918,0.465631906470392,0.3107940986664304,imagenetv2mf,Neural Network
76,wide_resnet50_2,/datahd3a/imagenet_testbest_outputs/logits/val/val_|_wide_resnet50_2.pickle,/data/Projects/linear_ensembles/interp_ensembles/data/imagenet_targets/val.npy,0.78468,0.8826576638000216,0.3081038599652639,0.2241304412352536,,imagenet,imagenet,Neural Network,76,/datahd3a/imagenet_testbest_outputs/logits/imagenetv2-matched-frequency-format-val/imagenetv2-matched-frequency-format-val_|_wide_resnet50_2.pickle,/data/Projects/linear_ensembles/interp_ensembles/data/imagenet_targets/imagenetv2mf.npy,0.6615,1.548664047221653,0.4705485223351744,0.3169473325128618,imagenetv2mf,Neural Network
77,xception,/datahd3a/imagenet_testbest_outputs/logits/val/val_|_xception.pickle,/data/Projects/linear_ensembles/interp_ensembles/data/imagenet_targets/val.npy,0.7882,0.9193670492089544,0.3087431263745127,0.3771365333815724,,imagenet,imagenet,Neural Network,77,/datahd3a/imagenet_testbest_outputs/logits/imagenetv2-matched-frequency-format-val/imagenetv2-matched-frequency-format-val_|_xception.pickle,/data/Projects/linear_ensembles/interp_ensembles/data/imagenet_targets/imagenetv2mf.npy,0.6724,1.5022282137006078,0.4520999893865324,0.4664897087356279,imagenetv2mf,Neural Network
78,deepens_alexnet,/data/Projects/linear_ensembles/interp_ensembles/results/imagenet/logits/alexnet--imagenet--deepens1.hdf5,/data/Projects/linear_ensembles/interp_ensembles/data/imagenet_targets/val.npy,0.49058,2.2875089539886195,0.6358524580664238,0.6301762461662292,(seed=1),imagenet,imagenet,Neural Network,78,/data/Projects/linear_ensembles/interp_ensembles/results/imagenet/logits/alexnet--imagenetv2mf--deepens1.hdf5,/data/Projects/linear_ensembles/interp_ensembles/data/imagenet_targets/imagenetv2mf.npy,0.3691,3.0883776394446425,0.7578395946228834,0.7011627554893494,imagenetv2mf,Neural Network
78,deepens_alexnet,/data/Projects/linear_ensembles/interp_ensembles/results/imagenet/logits/alexnet--imagenet--deepens1.hdf5,/data/Projects/linear_ensembles/interp_ensembles/data/imagenet_targets/val.npy,0.49058,2.2875089539886195,0.6358524580664238,0.6301762461662292,(seed=1),imagenet,imagenet,Neural Network,79,/data/Projects/linear_ensembles/interp_ensembles/results/imagenet/logits/alexnet--imagenetv2mf--deepens2.hdf5,/data/Projects/linear_ensembles/interp_ensembles/data/imagenet_targets/imagenetv2mf.npy,0.3793,3.0502205966096394,0.750827333077752,0.6987504959106445,imagenetv2mf,Neural Network
78,deepens_alexnet,/data/Projects/linear_ensembles/interp_ensembles/results/imagenet/logits/alexnet--imagenet--deepens1.hdf5,/data/Projects/linear_ensembles/interp_ensembles/data/imagenet_targets/val.npy,0.49058,2.2875089539886195,0.6358524580664238,0.6301762461662292,(seed=1),imagenet,imagenet,Neural Network,80,/data/Projects/linear_ensembles/interp_ensembles/results/imagenet/logits/alexnet--imagenetv2mf--deepens3.hdf5,/data/Projects/linear_ensembles/interp_ensembles/data/imagenet_targets/imagenetv2mf.npy,0.3636,3.151185105441523,0.765911444172065,0.7075877785682678,imagenetv2mf,Neural Network
78,deepens_alexnet,/data/Projects/linear_ensembles/interp_ensembles/results/imagenet/logits/alexnet--imagenet--deepens1.hdf5,/data/Projects/linear_ensembles/interp_ensembles/data/imagenet_targets/val.npy,0.49058,2.2875089539886195,0.6358524580664238,0.6301762461662292,(seed=1),imagenet,imagenet,Neural Network,81,/data/Projects/linear_ensembles/interp_ensembles/results/imagenet/logits/alexnet--imagenetv2mf--deepens4.hdf5,/data/Projects/linear_ensembles/interp_ensembles/data/imagenet_targets/imagenetv2mf.npy,0.3647,3.10926987211851,0.7627674851732209,0.7124999165534973,imagenetv2mf,Neural Network
78,deepens_alexnet,/data/Projects/linear_ensembles/interp_ensembles/results/imagenet/logits/alexnet--imagenet--deepens1.hdf5,/data/Projects/linear_ensembles/interp_ensembles/data/imagenet_targets/val.npy,0.49058,2.2875089539886195,0.6358524580664238,0.6301762461662292,(seed=1),imagenet,imagenet,Neural Network,82,/data/Projects/linear_ensembles/interp_ensembles/results/imagenet/logits/alexnet--imagenetv2mf--deepens5.hdf5,/data/Projects/linear_ensembles/interp_ensembles/data/imagenet_targets/imagenetv2mf.npy,0.3779,3.057477120708476,0.752270794011574,0.6979284882545471,imagenetv2mf,Neural Network
79,deepens_alexnet,/data/Projects/linear_ensembles/interp_ensembles/results/imagenet/logits/alexnet--imagenet--deepens2.hdf5,/data/Projects/linear_ensembles/interp_ensembles/data/imagenet_targets/val.npy,0.50154,2.2421187033490666,0.627635430521659,0.6251469254493713,(seed=2),imagenet,imagenet,Neural Network,78,/data/Projects/linear_ensembles/interp_ensembles/results/imagenet/logits/alexnet--imagenetv2mf--deepens1.hdf5,/data/Projects/linear_ensembles/interp_ensembles/data/imagenet_targets/imagenetv2mf.npy,0.3691,3.0883776394446425,0.7578395946228834,0.7011627554893494,imagenetv2mf,Neural Network
79,deepens_alexnet,/data/Projects/linear_ensembles/interp_ensembles/results/imagenet/logits/alexnet--imagenet--deepens2.hdf5,/data/Projects/linear_ensembles/interp_ensembles/data/imagenet_targets/val.npy,0.50154,2.2421187033490666,0.627635430521659,0.6251469254493713,(seed=2),imagenet,imagenet,Neural Network,79,/data/Projects/linear_ensembles/interp_ensembles/results/imagenet/logits/alexnet--imagenetv2mf--deepens2.hdf5,/data/Projects/linear_ensembles/interp_ensembles/data/imagenet_targets/imagenetv2mf.npy,0.3793,3.0502205966096394,0.750827333077752,0.6987504959106445,imagenetv2mf,Neural Network
79,deepens_alexnet,/data/Projects/linear_ensembles/interp_ensembles/results/imagenet/logits/alexnet--imagenet--deepens2.hdf5,/data/Projects/linear_ensembles/interp_ensembles/data/imagenet_targets/val.npy,0.50154,2.2421187033490666,0.627635430521659,0.6251469254493713,(seed=2),imagenet,imagenet,Neural Network,80,/data/Projects/linear_ensembles/interp_ensembles/results/imagenet/logits/alexnet--imagenetv2mf--deepens3.hdf5,/data/Projects/linear_ensembles/interp_ensembles/data/imagenet_targets/imagenetv2mf.npy,0.3636,3.151185105441523,0.765911444172065,0.7075877785682678,imagenetv2mf,Neural Network
79,deepens_alexnet,/data/Projects/linear_ensembles/interp_ensembles/results/imagenet/logits/alexnet--imagenet--deepens2.hdf5,/data/Projects/linear_ensembles/interp_ensembles/data/imagenet_targets/val.npy,0.50154,2.2421187033490666,0.627635430521659,0.6251469254493713,(seed=2),imagenet,imagenet,Neural Network,81,/data/Projects/linear_ensembles/interp_ensembles/results/imagenet/logits/alexnet--imagenetv2mf--deepens4.hdf5,/data/Projects/linear_ensembles/interp_ensembles/data/imagenet_targets/imagenetv2mf.npy,0.3647,3.10926987211851,0.7627674851732209,0.7124999165534973,imagenetv2mf,Neural Network
79,deepens_alexnet,/data/Projects/linear_ensembles/interp_ensembles/results/imagenet/logits/alexnet--imagenet--deepens2.hdf5,/data/Projects/linear_ensembles/interp_ensembles/data/imagenet_targets/val.npy,0.50154,2.2421187033490666,0.627635430521659,0.6251469254493713,(seed=2),imagenet,imagenet,Neural Network,82,/data/Projects/linear_ensembles/interp_ensembles/results/imagenet/logits/alexnet--imagenetv2mf--deepens5.hdf5,/data/Projects/linear_ensembles/interp_ensembles/data/imagenet_targets/imagenetv2mf.npy,0.3779,3.057477120708476,0.752270794011574,0.6979284882545471,imagenetv2mf,Neural Network
80,deepens_alexnet,/data/Projects/linear_ensembles/interp_ensembles/results/imagenet/logits/alexnet--imagenet--deepens3.hdf5,/data/Projects/linear_ensembles/interp_ensembles/data/imagenet_targets/val.npy,0.4855,2.323600541488684,0.6424247928966172,0.6375043988227844,(seed=3),imagenet,imagenet,Neural Network,78,/data/Projects/linear_ensembles/interp_ensembles/results/imagenet/logits/alexnet--imagenetv2mf--deepens1.hdf5,/data/Projects/linear_ensembles/interp_ensembles/data/imagenet_targets/imagenetv2mf.npy,0.3691,3.0883776394446425,0.7578395946228834,0.7011627554893494,imagenetv2mf,Neural Network
80,deepens_alexnet,/data/Projects/linear_ensembles/interp_ensembles/results/imagenet/logits/alexnet--imagenet--deepens3.hdf5,/data/Projects/linear_ensembles/interp_ensembles/data/imagenet_targets/val.npy,0.4855,2.323600541488684,0.6424247928966172,0.6375043988227844,(seed=3),imagenet,imagenet,Neural Network,79,/data/Projects/linear_ensembles/interp_ensembles/results/imagenet/logits/alexnet--imagenetv2mf--deepens2.hdf5,/data/Projects/linear_ensembles/interp_ensembles/data/imagenet_targets/imagenetv2mf.npy,0.3793,3.0502205966096394,0.750827333077752,0.6987504959106445,imagenetv2mf,Neural Network
80,deepens_alexnet,/data/Projects/linear_ensembles/interp_ensembles/results/imagenet/logits/alexnet--imagenet--deepens3.hdf5,/data/Projects/linear_ensembles/interp_ensembles/data/imagenet_targets/val.npy,0.4855,2.323600541488684,0.6424247928966172,0.6375043988227844,(seed=3),imagenet,imagenet,Neural Network,80,/data/Projects/linear_ensembles/interp_ensembles/results/imagenet/logits/alexnet--imagenetv2mf--deepens3.hdf5,/data/Projects/linear_ensembles/interp_ensembles/data/imagenet_targets/imagenetv2mf.npy,0.3636,3.151185105441523,0.765911444172065,0.7075877785682678,imagenetv2mf,Neural Network
80,deepens_alexnet,/data/Projects/linear_ensembles/interp_ensembles/results/imagenet/logits/alexnet--imagenet--deepens3.hdf5,/data/Projects/linear_ensembles/interp_ensembles/data/imagenet_targets/val.npy,0.4855,2.323600541488684,0.6424247928966172,0.6375043988227844,(seed=3),imagenet,imagenet,Neural Network,81,/data/Projects/linear_ensembles/interp_ensembles/results/imagenet/logits/alexnet--imagenetv2mf--deepens4.hdf5,/data/Projects/linear_ensembles/interp_ensembles/data/imagenet_targets/imagenetv2mf.npy,0.3647,3.10926987211851,0.7627674851732209,0.7124999165534973,imagenetv2mf,Neural Network
80,deepens_alexnet,/data/Projects/linear_ensembles/interp_ensembles/results/imagenet/logits/alexnet--imagenet--deepens3.hdf5,/data/Projects/linear_ensembles/interp_ensembles/data/imagenet_targets/val.npy,0.4855,2.323600541488684,0.6424247928966172,0.6375043988227844,(seed=3),imagenet,imagenet,Neural Network,82,/data/Projects/linear_ensembles/interp_ensembles/results/imagenet/logits/alexnet--imagenetv2mf--deepens5.hdf5,/data/Projects/linear_ensembles/interp_ensembles/data/imagenet_targets/imagenetv2mf.npy,0.3779,3.057477120708476,0.752270794011574,0.6979284882545471,imagenetv2mf,Neural Network
81,deepens_alexnet,/data/Projects/linear_ensembles/interp_ensembles/results/imagenet/logits/alexnet--imagenet--deepens4.hdf5,/data/Projects/linear_ensembles/interp_ensembles/data/imagenet_targets/val.npy,0.49034,2.299573525399388,0.6399750131794557,0.6411037445068359,(seed=4),imagenet,imagenet,Neural Network,78,/data/Projects/linear_ensembles/interp_ensembles/results/imagenet/logits/alexnet--imagenetv2mf--deepens1.hdf5,/data/Projects/linear_ensembles/interp_ensembles/data/imagenet_targets/imagenetv2mf.npy,0.3691,3.0883776394446425,0.7578395946228834,0.7011627554893494,imagenetv2mf,Neural Network
81,deepens_alexnet,/data/Projects/linear_ensembles/interp_ensembles/results/imagenet/logits/alexnet--imagenet--deepens4.hdf5,/data/Projects/linear_ensembles/interp_ensembles/data/imagenet_targets/val.npy,0.49034,2.299573525399388,0.6399750131794557,0.6411037445068359,(seed=4),imagenet,imagenet,Neural Network,79,/data/Projects/linear_ensembles/interp_ensembles/results/imagenet/logits/alexnet--imagenetv2mf--deepens2.hdf5,/data/Projects/linear_ensembles/interp_ensembles/data/imagenet_targets/imagenetv2mf.npy,0.3793,3.0502205966096394,0.750827333077752,0.6987504959106445,imagenetv2mf,Neural Network
81,deepens_alexnet,/data/Projects/linear_ensembles/interp_ensembles/results/imagenet/logits/alexnet--imagenet--deepens4.hdf5,/data/Projects/linear_ensembles/interp_ensembles/data/imagenet_targets/val.npy,0.49034,2.299573525399388,0.6399750131794557,0.6411037445068359,(seed=4),imagenet,imagenet,Neural Network,80,/data/Projects/linear_ensembles/interp_ensembles/results/imagenet/logits/alexnet--imagenetv2mf--deepens3.hdf5,/data/Projects/linear_ensembles/interp_ensembles/data/imagenet_targets/imagenetv2mf.npy,0.3636,3.151185105441523,0.765911444172065,0.7075877785682678,imagenetv2mf,Neural Network
81,deepens_alexnet,/data/Projects/linear_ensembles/interp_ensembles/results/imagenet/logits/alexnet--imagenet--deepens4.hdf5,/data/Projects/linear_ensembles/interp_ensembles/data/imagenet_targets/val.npy,0.49034,2.299573525399388,0.6399750131794557,0.6411037445068359,(seed=4),imagenet,imagenet,Neural Network,81,/data/Projects/linear_ensembles/interp_ensembles/results/imagenet/logits/alexnet--imagenetv2mf--deepens4.hdf5,/data/Projects/linear_ensembles/interp_ensembles/data/imagenet_targets/imagenetv2mf.npy,0.3647,3.10926987211851,0.7627674851732209,0.7124999165534973,imagenetv2mf,Neural Network
81,deepens_alexnet,/data/Projects/linear_ensembles/interp_ensembles/results/imagenet/logits/alexnet--imagenet--deepens4.hdf5,/data/Projects/linear_ensembles/interp_ensembles/data/imagenet_targets/val.npy,0.49034,2.299573525399388,0.6399750131794557,0.6411037445068359,(seed=4),imagenet,imagenet,Neural Network,82,/data/Projects/linear_ensembles/interp_ensembles/results/imagenet/logits/alexnet--imagenetv2mf--deepens5.hdf5,/data/Projects/linear_ensembles/interp_ensembles/data/imagenet_targets/imagenetv2mf.npy,0.3779,3.057477120708476,0.752270794011574,0.6979284882545471,imagenetv2mf,Neural Network
82,deepens_alexnet,/data/Projects/linear_ensembles/interp_ensembles/results/imagenet/logits/alexnet--imagenet--deepens5.hdf5,/data/Projects/linear_ensembles/interp_ensembles/data/imagenet_targets/val.npy,0.50054,2.245255733210845,0.6276898915371923,0.6235837340354919,(seed=5),imagenet,imagenet,Neural Network,78,/data/Projects/linear_ensembles/interp_ensembles/results/imagenet/logits/alexnet--imagenetv2mf--deepens1.hdf5,/data/Projects/linear_ensembles/interp_ensembles/data/imagenet_targets/imagenetv2mf.npy,0.3691,3.0883776394446425,0.7578395946228834,0.7011627554893494,imagenetv2mf,Neural Network
82,deepens_alexnet,/data/Projects/linear_ensembles/interp_ensembles/results/imagenet/logits/alexnet--imagenet--deepens5.hdf5,/data/Projects/linear_ensembles/interp_ensembles/data/imagenet_targets/val.npy,0.50054,2.245255733210845,0.6276898915371923,0.6235837340354919,(seed=5),imagenet,imagenet,Neural Network,79,/data/Projects/linear_ensembles/interp_ensembles/results/imagenet/logits/alexnet--imagenetv2mf--deepens2.hdf5,/data/Projects/linear_ensembles/interp_ensembles/data/imagenet_targets/imagenetv2mf.npy,0.3793,3.0502205966096394,0.750827333077752,0.6987504959106445,imagenetv2mf,Neural Network
82,deepens_alexnet,/data/Projects/linear_ensembles/interp_ensembles/results/imagenet/logits/alexnet--imagenet--deepens5.hdf5,/data/Projects/linear_ensembles/interp_ensembles/data/imagenet_targets/val.npy,0.50054,2.245255733210845,0.6276898915371923,0.6235837340354919,(seed=5),imagenet,imagenet,Neural Network,80,/data/Projects/linear_ensembles/interp_ensembles/results/imagenet/logits/alexnet--imagenetv2mf--deepens3.hdf5,/data/Projects/linear_ensembles/interp_ensembles/data/imagenet_targets/imagenetv2mf.npy,0.3636,3.151185105441523,0.765911444172065,0.7075877785682678,imagenetv2mf,Neural Network
82,deepens_alexnet,/data/Projects/linear_ensembles/interp_ensembles/results/imagenet/logits/alexnet--imagenet--deepens5.hdf5,/data/Projects/linear_ensembles/interp_ensembles/data/imagenet_targets/val.npy,0.50054,2.245255733210845,0.6276898915371923,0.6235837340354919,(seed=5),imagenet,imagenet,Neural Network,81,/data/Projects/linear_ensembles/interp_ensembles/results/imagenet/logits/alexnet--imagenetv2mf--deepens4.hdf5,/data/Projects/linear_ensembles/interp_ensembles/data/imagenet_targets/imagenetv2mf.npy,0.3647,3.10926987211851,0.7627674851732209,0.7124999165534973,imagenetv2mf,Neural Network
82,deepens_alexnet,/data/Projects/linear_ensembles/interp_ensembles/results/imagenet/logits/alexnet--imagenet--deepens5.hdf5,/data/Projects/linear_ensembles/interp_ensembles/data/imagenet_targets/val.npy,0.50054,2.245255733210845,0.6276898915371923,0.6235837340354919,(seed=5),imagenet,imagenet,Neural Network,82,/data/Projects/linear_ensembles/interp_ensembles/results/imagenet/logits/alexnet--imagenetv2mf--deepens5.hdf5,/data/Projects/linear_ensembles/interp_ensembles/data/imagenet_targets/imagenetv2mf.npy,0.3779,3.057477120708476,0.752270794011574,0.6979284882545471,imagenetv2mf,Neural Network
83,deepens_resnet101,/data/Projects/linear_ensembles/interp_ensembles/results/imagenet/logits/resnet101--imagenet--deepens1.hdf5,/data/Projects/linear_ensembles/interp_ensembles/data/imagenet_targets/val.npy,0.71812,1.1168227685534111,0.3841517942354409,0.3590283691883087,(seed=1),imagenet,imagenet,Neural Network,83,/data/Projects/linear_ensembles/interp_ensembles/results/imagenet/logits/resnet101--imagenetv2mf--deepens1.hdf5,/data/Projects/linear_ensembles/interp_ensembles/data/imagenet_targets/imagenetv2mf.npy,0.5983,1.7570918818028571,0.5320830047515874,0.4518188536167145,imagenetv2mf,Neural Network
83,deepens_resnet101,/data/Projects/linear_ensembles/interp_ensembles/results/imagenet/logits/resnet101--imagenet--deepens1.hdf5,/data/Projects/linear_ensembles/interp_ensembles/data/imagenet_targets/val.npy,0.71812,1.1168227685534111,0.3841517942354409,0.3590283691883087,(seed=1),imagenet,imagenet,Neural Network,84,/data/Projects/linear_ensembles/interp_ensembles/results/imagenet/logits/resnet101--imagenetv2mf--deepens2.hdf5,/data/Projects/linear_ensembles/interp_ensembles/data/imagenet_targets/imagenetv2mf.npy,0.5991,1.7473870850697182,0.5294128001041452,0.4493537247180938,imagenetv2mf,Neural Network
83,deepens_resnet101,/data/Projects/linear_ensembles/interp_ensembles/results/imagenet/logits/resnet101--imagenet--deepens1.hdf5,/data/Projects/linear_ensembles/interp_ensembles/data/imagenet_targets/val.npy,0.71812,1.1168227685534111,0.3841517942354409,0.3590283691883087,(seed=1),imagenet,imagenet,Neural Network,85,/data/Projects/linear_ensembles/interp_ensembles/results/imagenet/logits/resnet101--imagenetv2mf--deepens3.hdf5,/data/Projects/linear_ensembles/interp_ensembles/data/imagenet_targets/imagenetv2mf.npy,0.6005,1.7548548878603152,0.529668918743562,0.4515172243118286,imagenetv2mf,Neural Network
83,deepens_resnet101,/data/Projects/linear_ensembles/interp_ensembles/results/imagenet/logits/resnet101--imagenet--deepens1.hdf5,/data/Projects/linear_ensembles/interp_ensembles/data/imagenet_targets/val.npy,0.71812,1.1168227685534111,0.3841517942354409,0.3590283691883087,(seed=1),imagenet,imagenet,Neural Network,86,/data/Projects/linear_ensembles/interp_ensembles/results/imagenet/logits/resnet101--imagenetv2mf--deepens4.hdf5,/data/Projects/linear_ensembles/interp_ensembles/data/imagenet_targets/imagenetv2mf.npy,0.5923,1.790618601548958,0.5360661387807797,0.4490742683410644,imagenetv2mf,Neural Network
83,deepens_resnet101,/data/Projects/linear_ensembles/interp_ensembles/results/imagenet/logits/resnet101--imagenet--deepens1.hdf5,/data/Projects/linear_ensembles/interp_ensembles/data/imagenet_targets/val.npy,0.71812,1.1168227685534111,0.3841517942354409,0.3590283691883087,(seed=1),imagenet,imagenet,Neural Network,87,/data/Projects/linear_ensembles/interp_ensembles/results/imagenet/logits/resnet101--imagenetv2mf--deepens5.hdf5,/data/Projects/linear_ensembles/interp_ensembles/data/imagenet_targets/imagenetv2mf.npy,0.6518,1.5386977132076791,0.4756290963709647,0.347684770822525,imagenetv2mf,Neural Network
84,deepens_resnet101,/data/Projects/linear_ensembles/interp_ensembles/results/imagenet/logits/resnet101--imagenet--deepens2.hdf5,/data/Projects/linear_ensembles/interp_ensembles/data/imagenet_targets/val.npy,0.71984,1.112139708325976,0.3821157013811872,0.3576251566410064,(seed=2),imagenet,imagenet,Neural Network,83,/data/Projects/linear_ensembles/interp_ensembles/results/imagenet/logits/resnet101--imagenetv2mf--deepens1.hdf5,/data/Projects/linear_ensembles/interp_ensembles/data/imagenet_targets/imagenetv2mf.npy,0.5983,1.7570918818028571,0.5320830047515874,0.4518188536167145,imagenetv2mf,Neural Network
84,deepens_resnet101,/data/Projects/linear_ensembles/interp_ensembles/results/imagenet/logits/resnet101--imagenet--deepens2.hdf5,/data/Projects/linear_ensembles/interp_ensembles/data/imagenet_targets/val.npy,0.71984,1.112139708325976,0.3821157013811872,0.3576251566410064,(seed=2),imagenet,imagenet,Neural Network,84,/data/Projects/linear_ensembles/interp_ensembles/results/imagenet/logits/resnet101--imagenetv2mf--deepens2.hdf5,/data/Projects/linear_ensembles/interp_ensembles/data/imagenet_targets/imagenetv2mf.npy,0.5991,1.7473870850697182,0.5294128001041452,0.4493537247180938,imagenetv2mf,Neural Network
84,deepens_resnet101,/data/Projects/linear_ensembles/interp_ensembles/results/imagenet/logits/resnet101--imagenet--deepens2.hdf5,/data/Projects/linear_ensembles/interp_ensembles/data/imagenet_targets/val.npy,0.71984,1.112139708325976,0.3821157013811872,0.3576251566410064,(seed=2),imagenet,imagenet,Neural Network,85,/data/Projects/linear_ensembles/interp_ensembles/results/imagenet/logits/resnet101--imagenetv2mf--deepens3.hdf5,/data/Projects/linear_ensembles/interp_ensembles/data/imagenet_targets/imagenetv2mf.npy,0.6005,1.7548548878603152,0.529668918743562,0.4515172243118286,imagenetv2mf,Neural Network
84,deepens_resnet101,/data/Projects/linear_ensembles/interp_ensembles/results/imagenet/logits/resnet101--imagenet--deepens2.hdf5,/data/Projects/linear_ensembles/interp_ensembles/data/imagenet_targets/val.npy,0.71984,1.112139708325976,0.3821157013811872,0.3576251566410064,(seed=2),imagenet,imagenet,Neural Network,86,/data/Projects/linear_ensembles/interp_ensembles/results/imagenet/logits/resnet101--imagenetv2mf--deepens4.hdf5,/data/Projects/linear_ensembles/interp_ensembles/data/imagenet_targets/imagenetv2mf.npy,0.5923,1.790618601548958,0.5360661387807797,0.4490742683410644,imagenetv2mf,Neural Network
84,deepens_resnet101,/data/Projects/linear_ensembles/interp_ensembles/results/imagenet/logits/resnet101--imagenet--deepens2.hdf5,/data/Projects/linear_ensembles/interp_ensembles/data/imagenet_targets/val.npy,0.71984,1.112139708325976,0.3821157013811872,0.3576251566410064,(seed=2),imagenet,imagenet,Neural Network,87,/data/Projects/linear_ensembles/interp_ensembles/results/imagenet/logits/resnet101--imagenetv2mf--deepens5.hdf5,/data/Projects/linear_ensembles/interp_ensembles/data/imagenet_targets/imagenetv2mf.npy,0.6518,1.5386977132076791,0.4756290963709647,0.347684770822525,imagenetv2mf,Neural Network
85,deepens_resnet101,/data/Projects/linear_ensembles/interp_ensembles/results/imagenet/logits/resnet101--imagenet--deepens3.hdf5,/data/Projects/linear_ensembles/interp_ensembles/data/imagenet_targets/val.npy,0.7163,1.1267108176229108,0.3874688961119001,0.3590421080589294,(seed=3),imagenet,imagenet,Neural Network,83,/data/Projects/linear_ensembles/interp_ensembles/results/imagenet/logits/resnet101--imagenetv2mf--deepens1.hdf5,/data/Projects/linear_ensembles/interp_ensembles/data/imagenet_targets/imagenetv2mf.npy,0.5983,1.7570918818028571,0.5320830047515874,0.4518188536167145,imagenetv2mf,Neural Network
85,deepens_resnet101,/data/Projects/linear_ensembles/interp_ensembles/results/imagenet/logits/resnet101--imagenet--deepens3.hdf5,/data/Projects/linear_ensembles/interp_ensembles/data/imagenet_targets/val.npy,0.7163,1.1267108176229108,0.3874688961119001,0.3590421080589294,(seed=3),imagenet,imagenet,Neural Network,84,/data/Projects/linear_ensembles/interp_ensembles/results/imagenet/logits/resnet101--imagenetv2mf--deepens2.hdf5,/data/Projects/linear_ensembles/interp_ensembles/data/imagenet_targets/imagenetv2mf.npy,0.5991,1.7473870850697182,0.5294128001041452,0.4493537247180938,imagenetv2mf,Neural Network
85,deepens_resnet101,/data/Projects/linear_ensembles/interp_ensembles/results/imagenet/logits/resnet101--imagenet--deepens3.hdf5,/data/Projects/linear_ensembles/interp_ensembles/data/imagenet_targets/val.npy,0.7163,1.1267108176229108,0.3874688961119001,0.3590421080589294,(seed=3),imagenet,imagenet,Neural Network,85,/data/Projects/linear_ensembles/interp_ensembles/results/imagenet/logits/resnet101--imagenetv2mf--deepens3.hdf5,/data/Projects/linear_ensembles/interp_ensembles/data/imagenet_targets/imagenetv2mf.npy,0.6005,1.7548548878603152,0.529668918743562,0.4515172243118286,imagenetv2mf,Neural Network
85,deepens_resnet101,/data/Projects/linear_ensembles/interp_ensembles/results/imagenet/logits/resnet101--imagenet--deepens3.hdf5,/data/Projects/linear_ensembles/interp_ensembles/data/imagenet_targets/val.npy,0.7163,1.1267108176229108,0.3874688961119001,0.3590421080589294,(seed=3),imagenet,imagenet,Neural Network,86,/data/Projects/linear_ensembles/interp_ensembles/results/imagenet/logits/resnet101--imagenetv2mf--deepens4.hdf5,/data/Projects/linear_ensembles/interp_ensembles/data/imagenet_targets/imagenetv2mf.npy,0.5923,1.790618601548958,0.5360661387807797,0.4490742683410644,imagenetv2mf,Neural Network
85,deepens_resnet101,/data/Projects/linear_ensembles/interp_ensembles/results/imagenet/logits/resnet101--imagenet--deepens3.hdf5,/data/Projects/linear_ensembles/interp_ensembles/data/imagenet_targets/val.npy,0.7163,1.1267108176229108,0.3874688961119001,0.3590421080589294,(seed=3),imagenet,imagenet,Neural Network,87,/data/Projects/linear_ensembles/interp_ensembles/results/imagenet/logits/resnet101--imagenetv2mf--deepens5.hdf5,/data/Projects/linear_ensembles/interp_ensembles/data/imagenet_targets/imagenetv2mf.npy,0.6518,1.5386977132076791,0.4756290963709647,0.347684770822525,imagenetv2mf,Neural Network
86,deepens_resnet101,/data/Projects/linear_ensembles/interp_ensembles/results/imagenet/logits/resnet101--imagenet--deepens4.hdf5,/data/Projects/linear_ensembles/interp_ensembles/data/imagenet_targets/val.npy,0.714,1.1469510217111083,0.3912171792507071,0.3576380014419555,(seed=4),imagenet,imagenet,Neural Network,83,/data/Projects/linear_ensembles/interp_ensembles/results/imagenet/logits/resnet101--imagenetv2mf--deepens1.hdf5,/data/Projects/linear_ensembles/interp_ensembles/data/imagenet_targets/imagenetv2mf.npy,0.5983,1.7570918818028571,0.5320830047515874,0.4518188536167145,imagenetv2mf,Neural Network
86,deepens_resnet101,/data/Projects/linear_ensembles/interp_ensembles/results/imagenet/logits/resnet101--imagenet--deepens4.hdf5,/data/Projects/linear_ensembles/interp_ensembles/data/imagenet_targets/val.npy,0.714,1.1469510217111083,0.3912171792507071,0.3576380014419555,(seed=4),imagenet,imagenet,Neural Network,84,/data/Projects/linear_ensembles/interp_ensembles/results/imagenet/logits/resnet101--imagenetv2mf--deepens2.hdf5,/data/Projects/linear_ensembles/interp_ensembles/data/imagenet_targets/imagenetv2mf.npy,0.5991,1.7473870850697182,0.5294128001041452,0.4493537247180938,imagenetv2mf,Neural Network
86,deepens_resnet101,/data/Projects/linear_ensembles/interp_ensembles/results/imagenet/logits/resnet101--imagenet--deepens4.hdf5,/data/Projects/linear_ensembles/interp_ensembles/data/imagenet_targets/val.npy,0.714,1.1469510217111083,0.3912171792507071,0.3576380014419555,(seed=4),imagenet,imagenet,Neural Network,85,/data/Projects/linear_ensembles/interp_ensembles/results/imagenet/logits/resnet101--imagenetv2mf--deepens3.hdf5,/data/Projects/linear_ensembles/interp_ensembles/data/imagenet_targets/imagenetv2mf.npy,0.6005,1.7548548878603152,0.529668918743562,0.4515172243118286,imagenetv2mf,Neural Network
86,deepens_resnet101,/data/Projects/linear_ensembles/interp_ensembles/results/imagenet/logits/resnet101--imagenet--deepens4.hdf5,/data/Projects/linear_ensembles/interp_ensembles/data/imagenet_targets/val.npy,0.714,1.1469510217111083,0.3912171792507071,0.3576380014419555,(seed=4),imagenet,imagenet,Neural Network,86,/data/Projects/linear_ensembles/interp_ensembles/results/imagenet/logits/resnet101--imagenetv2mf--deepens4.hdf5,/data/Projects/linear_ensembles/interp_ensembles/data/imagenet_targets/imagenetv2mf.npy,0.5923,1.790618601548958,0.5360661387807797,0.4490742683410644,imagenetv2mf,Neural Network
86,deepens_resnet101,/data/Projects/linear_ensembles/interp_ensembles/results/imagenet/logits/resnet101--imagenet--deepens4.hdf5,/data/Projects/linear_ensembles/interp_ensembles/data/imagenet_targets/val.npy,0.714,1.1469510217111083,0.3912171792507071,0.3576380014419555,(seed=4),imagenet,imagenet,Neural Network,87,/data/Projects/linear_ensembles/interp_ensembles/results/imagenet/logits/resnet101--imagenetv2mf--deepens5.hdf5,/data/Projects/linear_ensembles/interp_ensembles/data/imagenet_targets/imagenetv2mf.npy,0.6518,1.5386977132076791,0.4756290963709647,0.347684770822525,imagenetv2mf,Neural Network
87,deepens_resnet101,/data/Projects/linear_ensembles/interp_ensembles/results/imagenet/logits/resnet101--imagenet--deepens5.hdf5,/data/Projects/linear_ensembles/interp_ensembles/data/imagenet_targets/val.npy,0.77208,0.9044674000274676,0.3207711456728842,0.2580979764461517,(seed=5),imagenet,imagenet,Neural Network,83,/data/Projects/linear_ensembles/interp_ensembles/results/imagenet/logits/resnet101--imagenetv2mf--deepens1.hdf5,/data/Projects/linear_ensembles/interp_ensembles/data/imagenet_targets/imagenetv2mf.npy,0.5983,1.7570918818028571,0.5320830047515874,0.4518188536167145,imagenetv2mf,Neural Network
87,deepens_resnet101,/data/Projects/linear_ensembles/interp_ensembles/results/imagenet/logits/resnet101--imagenet--deepens5.hdf5,/data/Projects/linear_ensembles/interp_ensembles/data/imagenet_targets/val.npy,0.77208,0.9044674000274676,0.3207711456728842,0.2580979764461517,(seed=5),imagenet,imagenet,Neural Network,84,/data/Projects/linear_ensembles/interp_ensembles/results/imagenet/logits/resnet101--imagenetv2mf--deepens2.hdf5,/data/Projects/linear_ensembles/interp_ensembles/data/imagenet_targets/imagenetv2mf.npy,0.5991,1.7473870850697182,0.5294128001041452,0.4493537247180938,imagenetv2mf,Neural Network
87,deepens_resnet101,/data/Projects/linear_ensembles/interp_ensembles/results/imagenet/logits/resnet101--imagenet--deepens5.hdf5,/data/Projects/linear_ensembles/interp_ensembles/data/imagenet_targets/val.npy,0.77208,0.9044674000274676,0.3207711456728842,0.2580979764461517,(seed=5),imagenet,imagenet,Neural Network,85,/data/Projects/linear_ensembles/interp_ensembles/results/imagenet/logits/resnet101--imagenetv2mf--deepens3.hdf5,/data/Projects/linear_ensembles/interp_ensembles/data/imagenet_targets/imagenetv2mf.npy,0.6005,1.7548548878603152,0.529668918743562,0.4515172243118286,imagenetv2mf,Neural Network
87,deepens_resnet101,/data/Projects/linear_ensembles/interp_ensembles/results/imagenet/logits/resnet101--imagenet--deepens5.hdf5,/data/Projects/linear_ensembles/interp_ensembles/data/imagenet_targets/val.npy,0.77208,0.9044674000274676,0.3207711456728842,0.2580979764461517,(seed=5),imagenet,imagenet,Neural Network,86,/data/Projects/linear_ensembles/interp_ensembles/results/imagenet/logits/resnet101--imagenetv2mf--deepens4.hdf5,/data/Projects/linear_ensembles/interp_ensembles/data/imagenet_targets/imagenetv2mf.npy,0.5923,1.790618601548958,0.5360661387807797,0.4490742683410644,imagenetv2mf,Neural Network
87,deepens_resnet101,/data/Projects/linear_ensembles/interp_ensembles/results/imagenet/logits/resnet101--imagenet--deepens5.hdf5,/data/Projects/linear_ensembles/interp_ensembles/data/imagenet_targets/val.npy,0.77208,0.9044674000274676,0.3207711456728842,0.2580979764461517,(seed=5),imagenet,imagenet,Neural Network,87,/data/Projects/linear_ensembles/interp_ensembles/results/imagenet/logits/resnet101--imagenetv2mf--deepens5.hdf5,/data/Projects/linear_ensembles/interp_ensembles/data/imagenet_targets/imagenetv2mf.npy,0.6518,1.5386977132076791,0.4756290963709647,0.347684770822525,imagenetv2mf,Neural Network
88,deepens_resnet50,/data/Projects/linear_ensembles/interp_ensembles/results/imagenet/logits/resnet50--imagenet--deepens1.hdf5,/data/Projects/linear_ensembles/interp_ensembles/data/imagenet_targets/val.npy,0.76122,0.9491781421378894,0.3335294738682821,0.2750193178653717,(seed=1),imagenet,imagenet,Neural Network,88,/data/Projects/linear_ensembles/interp_ensembles/results/imagenet/logits/resnet50--imagenetv2mf--deepens1.hdf5,/data/Projects/linear_ensembles/interp_ensembles/data/imagenet_targets/imagenetv2mf.npy,0.6376,1.6094035526154338,0.4922345067552223,0.3688651919364929,imagenetv2mf,Neural Network
88,deepens_resnet50,/data/Projects/linear_ensembles/interp_ensembles/results/imagenet/logits/resnet50--imagenet--deepens1.hdf5,/data/Projects/linear_ensembles/interp_ensembles/data/imagenet_targets/val.npy,0.76122,0.9491781421378894,0.3335294738682821,0.2750193178653717,(seed=1),imagenet,imagenet,Neural Network,89,/data/Projects/linear_ensembles/interp_ensembles/results/imagenet/logits/resnet50--imagenetv2mf--deepens2.hdf5,/data/Projects/linear_ensembles/interp_ensembles/data/imagenet_targets/imagenetv2mf.npy,0.6392,1.6028474924276843,0.4907702212399156,0.3728439807891845,imagenetv2mf,Neural Network
88,deepens_resnet50,/data/Projects/linear_ensembles/interp_ensembles/results/imagenet/logits/resnet50--imagenet--deepens1.hdf5,/data/Projects/linear_ensembles/interp_ensembles/data/imagenet_targets/val.npy,0.76122,0.9491781421378894,0.3335294738682821,0.2750193178653717,(seed=1),imagenet,imagenet,Neural Network,90,/data/Projects/linear_ensembles/interp_ensembles/results/imagenet/logits/resnet50--imagenetv2mf--deepens3.hdf5,/data/Projects/linear_ensembles/interp_ensembles/data/imagenet_targets/imagenetv2mf.npy,0.634,1.6198873808894392,0.4958180661515127,0.3697184920310974,imagenetv2mf,Neural Network
88,deepens_resnet50,/data/Projects/linear_ensembles/interp_ensembles/results/imagenet/logits/resnet50--imagenet--deepens1.hdf5,/data/Projects/linear_ensembles/interp_ensembles/data/imagenet_targets/val.npy,0.76122,0.9491781421378894,0.3335294738682821,0.2750193178653717,(seed=1),imagenet,imagenet,Neural Network,91,/data/Projects/linear_ensembles/interp_ensembles/results/imagenet/logits/resnet50--imagenetv2mf--deepens4.hdf5,/data/Projects/linear_ensembles/interp_ensembles/data/imagenet_targets/imagenetv2mf.npy,0.6392,1.610669569475592,0.4910652392875821,0.3694899678230285,imagenetv2mf,Neural Network
88,deepens_resnet50,/data/Projects/linear_ensembles/interp_ensembles/results/imagenet/logits/resnet50--imagenet--deepens1.hdf5,/data/Projects/linear_ensembles/interp_ensembles/data/imagenet_targets/val.npy,0.76122,0.9491781421378894,0.3335294738682821,0.2750193178653717,(seed=1),imagenet,imagenet,Neural Network,92,/data/Projects/linear_ensembles/interp_ensembles/results/imagenet/logits/resnet50--imagenetv2mf--deepens5.hdf5,/data/Projects/linear_ensembles/interp_ensembles/data/imagenet_targets/imagenetv2mf.npy,0.6328,1.6179280856538956,0.493663723143831,0.3708968460559845,imagenetv2mf,Neural Network
89,deepens_resnet50,/data/Projects/linear_ensembles/interp_ensembles/results/imagenet/logits/resnet50--imagenet--deepens2.hdf5,/data/Projects/linear_ensembles/interp_ensembles/data/imagenet_targets/val.npy,0.76148,0.9428337830525936,0.3316979544674781,0.2762894332408905,(seed=2),imagenet,imagenet,Neural Network,88,/data/Projects/linear_ensembles/interp_ensembles/results/imagenet/logits/resnet50--imagenetv2mf--deepens1.hdf5,/data/Projects/linear_ensembles/interp_ensembles/data/imagenet_targets/imagenetv2mf.npy,0.6376,1.6094035526154338,0.4922345067552223,0.3688651919364929,imagenetv2mf,Neural Network
89,deepens_resnet50,/data/Projects/linear_ensembles/interp_ensembles/results/imagenet/logits/resnet50--imagenet--deepens2.hdf5,/data/Projects/linear_ensembles/interp_ensembles/data/imagenet_targets/val.npy,0.76148,0.9428337830525936,0.3316979544674781,0.2762894332408905,(seed=2),imagenet,imagenet,Neural Network,89,/data/Projects/linear_ensembles/interp_ensembles/results/imagenet/logits/resnet50--imagenetv2mf--deepens2.hdf5,/data/Projects/linear_ensembles/interp_ensembles/data/imagenet_targets/imagenetv2mf.npy,0.6392,1.6028474924276843,0.4907702212399156,0.3728439807891845,imagenetv2mf,Neural Network
89,deepens_resnet50,/data/Projects/linear_ensembles/interp_ensembles/results/imagenet/logits/resnet50--imagenet--deepens2.hdf5,/data/Projects/linear_ensembles/interp_ensembles/data/imagenet_targets/val.npy,0.76148,0.9428337830525936,0.3316979544674781,0.2762894332408905,(seed=2),imagenet,imagenet,Neural Network,90,/data/Projects/linear_ensembles/interp_ensembles/results/imagenet/logits/resnet50--imagenetv2mf--deepens3.hdf5,/data/Projects/linear_ensembles/interp_ensembles/data/imagenet_targets/imagenetv2mf.npy,0.634,1.6198873808894392,0.4958180661515127,0.3697184920310974,imagenetv2mf,Neural Network
89,deepens_resnet50,/data/Projects/linear_ensembles/interp_ensembles/results/imagenet/logits/resnet50--imagenet--deepens2.hdf5,/data/Projects/linear_ensembles/interp_ensembles/data/imagenet_targets/val.npy,0.76148,0.9428337830525936,0.3316979544674781,0.2762894332408905,(seed=2),imagenet,imagenet,Neural Network,91,/data/Projects/linear_ensembles/interp_ensembles/results/imagenet/logits/resnet50--imagenetv2mf--deepens4.hdf5,/data/Projects/linear_ensembles/interp_ensembles/data/imagenet_targets/imagenetv2mf.npy,0.6392,1.610669569475592,0.4910652392875821,0.3694899678230285,imagenetv2mf,Neural Network
89,deepens_resnet50,/data/Projects/linear_ensembles/interp_ensembles/results/imagenet/logits/resnet50--imagenet--deepens2.hdf5,/data/Projects/linear_ensembles/interp_ensembles/data/imagenet_targets/val.npy,0.76148,0.9428337830525936,0.3316979544674781,0.2762894332408905,(seed=2),imagenet,imagenet,Neural Network,92,/data/Projects/linear_ensembles/interp_ensembles/results/imagenet/logits/resnet50--imagenetv2mf--deepens5.hdf5,/data/Projects/linear_ensembles/interp_ensembles/data/imagenet_targets/imagenetv2mf.npy,0.6328,1.6179280856538956,0.493663723143831,0.3708968460559845,imagenetv2mf,Neural Network
90,deepens_resnet50,/data/Projects/linear_ensembles/interp_ensembles/results/imagenet/logits/resnet50--imagenet--deepens3.hdf5,/data/Projects/linear_ensembles/interp_ensembles/data/imagenet_targets/val.npy,0.7627,0.9434558005304814,0.3314244875854984,0.2766114473342895,(seed=3),imagenet,imagenet,Neural Network,88,/data/Projects/linear_ensembles/interp_ensembles/results/imagenet/logits/resnet50--imagenetv2mf--deepens1.hdf5,/data/Projects/linear_ensembles/interp_ensembles/data/imagenet_targets/imagenetv2mf.npy,0.6376,1.6094035526154338,0.4922345067552223,0.3688651919364929,imagenetv2mf,Neural Network
90,deepens_resnet50,/data/Projects/linear_ensembles/interp_ensembles/results/imagenet/logits/resnet50--imagenet--deepens3.hdf5,/data/Projects/linear_ensembles/interp_ensembles/data/imagenet_targets/val.npy,0.7627,0.9434558005304814,0.3314244875854984,0.2766114473342895,(seed=3),imagenet,imagenet,Neural Network,89,/data/Projects/linear_ensembles/interp_ensembles/results/imagenet/logits/resnet50--imagenetv2mf--deepens2.hdf5,/data/Projects/linear_ensembles/interp_ensembles/data/imagenet_targets/imagenetv2mf.npy,0.6392,1.6028474924276843,0.4907702212399156,0.3728439807891845,imagenetv2mf,Neural Network
90,deepens_resnet50,/data/Projects/linear_ensembles/interp_ensembles/results/imagenet/logits/resnet50--imagenet--deepens3.hdf5,/data/Projects/linear_ensembles/interp_ensembles/data/imagenet_targets/val.npy,0.7627,0.9434558005304814,0.3314244875854984,0.2766114473342895,(seed=3),imagenet,imagenet,Neural Network,90,/data/Projects/linear_ensembles/interp_ensembles/results/imagenet/logits/resnet50--imagenetv2mf--deepens3.hdf5,/data/Projects/linear_ensembles/interp_ensembles/data/imagenet_targets/imagenetv2mf.npy,0.634,1.6198873808894392,0.4958180661515127,0.3697184920310974,imagenetv2mf,Neural Network
90,deepens_resnet50,/data/Projects/linear_ensembles/interp_ensembles/results/imagenet/logits/resnet50--imagenet--deepens3.hdf5,/data/Projects/linear_ensembles/interp_ensembles/data/imagenet_targets/val.npy,0.7627,0.9434558005304814,0.3314244875854984,0.2766114473342895,(seed=3),imagenet,imagenet,Neural Network,91,/data/Projects/linear_ensembles/interp_ensembles/results/imagenet/logits/resnet50--imagenetv2mf--deepens4.hdf5,/data/Projects/linear_ensembles/interp_ensembles/data/imagenet_targets/imagenetv2mf.npy,0.6392,1.610669569475592,0.4910652392875821,0.3694899678230285,imagenetv2mf,Neural Network
90,deepens_resnet50,/data/Projects/linear_ensembles/interp_ensembles/results/imagenet/logits/resnet50--imagenet--deepens3.hdf5,/data/Projects/linear_ensembles/interp_ensembles/data/imagenet_targets/val.npy,0.7627,0.9434558005304814,0.3314244875854984,0.2766114473342895,(seed=3),imagenet,imagenet,Neural Network,92,/data/Projects/linear_ensembles/interp_ensembles/results/imagenet/logits/resnet50--imagenetv2mf--deepens5.hdf5,/data/Projects/linear_ensembles/interp_ensembles/data/imagenet_targets/imagenetv2mf.npy,0.6328,1.6179280856538956,0.493663723143831,0.3708968460559845,imagenetv2mf,Neural Network
91,deepens_resnet50,/data/Projects/linear_ensembles/interp_ensembles/results/imagenet/logits/resnet50--imagenet--deepens4.hdf5,/data/Projects/linear_ensembles/interp_ensembles/data/imagenet_targets/val.npy,0.76122,0.9499540689641836,0.3336673327330545,0.2750495076179504,(seed=4),imagenet,imagenet,Neural Network,88,/data/Projects/linear_ensembles/interp_ensembles/results/imagenet/logits/resnet50--imagenetv2mf--deepens1.hdf5,/data/Projects/linear_ensembles/interp_ensembles/data/imagenet_targets/imagenetv2mf.npy,0.6376,1.6094035526154338,0.4922345067552223,0.3688651919364929,imagenetv2mf,Neural Network
91,deepens_resnet50,/data/Projects/linear_ensembles/interp_ensembles/results/imagenet/logits/resnet50--imagenet--deepens4.hdf5,/data/Projects/linear_ensembles/interp_ensembles/data/imagenet_targets/val.npy,0.76122,0.9499540689641836,0.3336673327330545,0.2750495076179504,(seed=4),imagenet,imagenet,Neural Network,89,/data/Projects/linear_ensembles/interp_ensembles/results/imagenet/logits/resnet50--imagenetv2mf--deepens2.hdf5,/data/Projects/linear_ensembles/interp_ensembles/data/imagenet_targets/imagenetv2mf.npy,0.6392,1.6028474924276843,0.4907702212399156,0.3728439807891845,imagenetv2mf,Neural Network
91,deepens_resnet50,/data/Projects/linear_ensembles/interp_ensembles/results/imagenet/logits/resnet50--imagenet--deepens4.hdf5,/data/Projects/linear_ensembles/interp_ensembles/data/imagenet_targets/val.npy,0.76122,0.9499540689641836,0.3336673327330545,0.2750495076179504,(seed=4),imagenet,imagenet,Neural Network,90,/data/Projects/linear_ensembles/interp_ensembles/results/imagenet/logits/resnet50--imagenetv2mf--deepens3.hdf5,/data/Projects/linear_ensembles/interp_ensembles/data/imagenet_targets/imagenetv2mf.npy,0.634,1.6198873808894392,0.4958180661515127,0.3697184920310974,imagenetv2mf,Neural Network
91,deepens_resnet50,/data/Projects/linear_ensembles/interp_ensembles/results/imagenet/logits/resnet50--imagenet--deepens4.hdf5,/data/Projects/linear_ensembles/interp_ensembles/data/imagenet_targets/val.npy,0.76122,0.9499540689641836,0.3336673327330545,0.2750495076179504,(seed=4),imagenet,imagenet,Neural Network,91,/data/Projects/linear_ensembles/interp_ensembles/results/imagenet/logits/resnet50--imagenetv2mf--deepens4.hdf5,/data/Projects/linear_ensembles/interp_ensembles/data/imagenet_targets/imagenetv2mf.npy,0.6392,1.610669569475592,0.4910652392875821,0.3694899678230285,imagenetv2mf,Neural Network
91,deepens_resnet50,/data/Projects/linear_ensembles/interp_ensembles/results/imagenet/logits/resnet50--imagenet--deepens4.hdf5,/data/Projects/linear_ensembles/interp_ensembles/data/imagenet_targets/val.npy,0.76122,0.9499540689641836,0.3336673327330545,0.2750495076179504,(seed=4),imagenet,imagenet,Neural Network,92,/data/Projects/linear_ensembles/interp_ensembles/results/imagenet/logits/resnet50--imagenetv2mf--deepens5.hdf5,/data/Projects/linear_ensembles/interp_ensembles/data/imagenet_targets/imagenetv2mf.npy,0.6328,1.6179280856538956,0.493663723143831,0.3708968460559845,imagenetv2mf,Neural Network
92,deepens_resnet50,/data/Projects/linear_ensembles/interp_ensembles/results/imagenet/logits/resnet50--imagenet--deepens5.hdf5,/data/Projects/linear_ensembles/interp_ensembles/data/imagenet_targets/val.npy,0.76304,0.9473949556358108,0.3328936396284276,0.2759433686733246,(seed=5),imagenet,imagenet,Neural Network,88,/data/Projects/linear_ensembles/interp_ensembles/results/imagenet/logits/resnet50--imagenetv2mf--deepens1.hdf5,/data/Projects/linear_ensembles/interp_ensembles/data/imagenet_targets/imagenetv2mf.npy,0.6376,1.6094035526154338,0.4922345067552223,0.3688651919364929,imagenetv2mf,Neural Network
92,deepens_resnet50,/data/Projects/linear_ensembles/interp_ensembles/results/imagenet/logits/resnet50--imagenet--deepens5.hdf5,/data/Projects/linear_ensembles/interp_ensembles/data/imagenet_targets/val.npy,0.76304,0.9473949556358108,0.3328936396284276,0.2759433686733246,(seed=5),imagenet,imagenet,Neural Network,89,/data/Projects/linear_ensembles/interp_ensembles/results/imagenet/logits/resnet50--imagenetv2mf--deepens2.hdf5,/data/Projects/linear_ensembles/interp_ensembles/data/imagenet_targets/imagenetv2mf.npy,0.6392,1.6028474924276843,0.4907702212399156,0.3728439807891845,imagenetv2mf,Neural Network
92,deepens_resnet50,/data/Projects/linear_ensembles/interp_ensembles/results/imagenet/logits/resnet50--imagenet--deepens5.hdf5,/data/Projects/linear_ensembles/interp_ensembles/data/imagenet_targets/val.npy,0.76304,0.9473949556358108,0.3328936396284276,0.2759433686733246,(seed=5),imagenet,imagenet,Neural Network,90,/data/Projects/linear_ensembles/interp_ensembles/results/imagenet/logits/resnet50--imagenetv2mf--deepens3.hdf5,/data/Projects/linear_ensembles/interp_ensembles/data/imagenet_targets/imagenetv2mf.npy,0.634,1.6198873808894392,0.4958180661515127,0.3697184920310974,imagenetv2mf,Neural Network
92,deepens_resnet50,/data/Projects/linear_ensembles/interp_ensembles/results/imagenet/logits/resnet50--imagenet--deepens5.hdf5,/data/Projects/linear_ensembles/interp_ensembles/data/imagenet_targets/val.npy,0.76304,0.9473949556358108,0.3328936396284276,0.2759433686733246,(seed=5),imagenet,imagenet,Neural Network,91,/data/Projects/linear_ensembles/interp_ensembles/results/imagenet/logits/resnet50--imagenetv2mf--deepens4.hdf5,/data/Projects/linear_ensembles/interp_ensembles/data/imagenet_targets/imagenetv2mf.npy,0.6392,1.610669569475592,0.4910652392875821,0.3694899678230285,imagenetv2mf,Neural Network
92,deepens_resnet50,/data/Projects/linear_ensembles/interp_ensembles/results/imagenet/logits/resnet50--imagenet--deepens5.hdf5,/data/Projects/linear_ensembles/interp_ensembles/data/imagenet_targets/val.npy,0.76304,0.9473949556358108,0.3328936396284276,0.2759433686733246,(seed=5),imagenet,imagenet,Neural Network,92,/data/Projects/linear_ensembles/interp_ensembles/results/imagenet/logits/resnet50--imagenetv2mf--deepens5.hdf5,/data/Projects/linear_ensembles/interp_ensembles/data/imagenet_targets/imagenetv2mf.npy,0.6328,1.6179280856538956,0.493663723143831,0.3708968460559845,imagenetv2mf,Neural Network
